suburbName actual,Month of Dates,Adr,Lenght Of Stay
Albany Creek,Jul-23,176.71,7.18
Albany Creek,Jun-23,149.13,4.68
Albany Creek,May-23,125.39,3.62
Albany Creek,Apr-23,135.97,3.89
Albany Creek,Mar-23,125.65,4.24
Albany Creek,Feb-23,128.09,8.56
Albany Creek,Jan-23,147,7.61
Albany Creek,Dec-22,165.64,4.96
Albany Creek,Nov-22,131.17,8.17
Albany Creek,Oct-22,153.08,6.89
Albany Creek,Sep-22,116.06,7.43
Albany Creek,Aug-22,117.92,4.16
Albany Creek,Jul-22,114.61,4.58
Albany Creek,Jun-22,76.17,14.53
Albany Creek,May-22,67.22,7.73
Albany Creek,Apr-22,68.95,5.85
Albany Creek,Mar-22,85.44,4.24
Albany Creek,Feb-22,134.17,5.33
Albany Creek,Jan-22,132.3,8.29
Albany Creek,Dec-21,137.39,6.45
Albany Creek,Nov-21,132.54,13.36
Albany Creek,Oct-21,67.74,4.53
Albany Creek,Sep-21,67.69,4
Albany Creek,Aug-21,69.94,4.86
Albany Creek,Jul-21,69.65,5.7
Arana Hills,Jul-23,294.84,5.55
Arana Hills,Jun-23,148.41,5.29
Arana Hills,May-23,281.06,4.73
Arana Hills,Apr-23,268.25,4.6
Arana Hills,Mar-23,293.96,9.33
Arana Hills,Feb-23,276.65,9.5
Arana Hills,Jan-23,269.19,3.83
Arana Hills,Dec-22,282.09,5.4
Arana Hills,Nov-22,70,5
Arana Hills,Oct-22,,
Arana Hills,Sep-22,,
Arana Hills,Aug-22,,
Arana Hills,Jul-22,,
Arana Hills,Jun-22,,
Arana Hills,May-22,,
Arana Hills,Apr-22,181.83,
Arana Hills,Mar-22,159.7,7.75
Arana Hills,Feb-22,185.78,10
Arana Hills,Jan-22,215.35,9
Arana Hills,Dec-21,189.45,4.43
Arana Hills,Nov-21,169.17,8
Arana Hills,Oct-21,186.73,3.6
Arana Hills,Sep-21,186.12,5.2
Arana Hills,Aug-21,185.37,2.67
Arana Hills,Jul-21,163.75,3.82
Armstrong Creek,Jul-23,120.82,2.75
Armstrong Creek,Jun-23,113.31,3.4
Armstrong Creek,May-23,111.49,2.71
Armstrong Creek,Apr-23,120.7,2.67
Armstrong Creek,Mar-23,114.85,4
Armstrong Creek,Feb-23,109.59,4
Armstrong Creek,Jan-23,122.24,2.5
Armstrong Creek,Dec-22,146.71,2.75
Armstrong Creek,Nov-22,125.41,2.33
Armstrong Creek,Oct-22,141.8,3.9
Armstrong Creek,Sep-22,131.67,2.54
Armstrong Creek,Aug-22,123.94,3
Armstrong Creek,Jul-22,126.97,2.47
Armstrong Creek,Jun-22,118.91,2.7
Armstrong Creek,May-22,115.5,3.14
Armstrong Creek,Apr-22,129.24,1.87
Armstrong Creek,Mar-22,112.92,2.33
Armstrong Creek,Feb-22,120.22,1.5
Armstrong Creek,Jan-22,122.17,1.59
Armstrong Creek,Dec-21,130.75,2
Armstrong Creek,Nov-21,105.09,2.45
Armstrong Creek,Oct-21,110.19,1.8
Armstrong Creek,Sep-21,95.33,1.87
Armstrong Creek,Aug-21,86.93,1.8
Armstrong Creek,Jul-21,86.18,1.86
Banksia Beach,Jul-23,376.94,6.91
Banksia Beach,Jun-23,369.52,4.47
Banksia Beach,May-23,377.03,7.33
Banksia Beach,Apr-23,411.51,4.24
Banksia Beach,Mar-23,370.63,4.89
Banksia Beach,Feb-23,378.98,5.1
Banksia Beach,Jan-23,407.34,5.89
Banksia Beach,Dec-22,430.22,4.66
Banksia Beach,Nov-22,378.93,3.49
Banksia Beach,Oct-22,391.52,3.8
Banksia Beach,Sep-22,405.61,3.88
Banksia Beach,Aug-22,369.05,4.77
Banksia Beach,Jul-22,381.95,5.51
Banksia Beach,Jun-22,373.21,7.04
Banksia Beach,May-22,359.07,7.41
Banksia Beach,Apr-22,381.96,4.82
Banksia Beach,Mar-22,330.76,6.16
Banksia Beach,Feb-22,356.9,3.83
Banksia Beach,Jan-22,401.44,8.17
Banksia Beach,Dec-21,389.37,4.34
Banksia Beach,Nov-21,355.2,5.82
Banksia Beach,Oct-21,333.75,4.36
Banksia Beach,Sep-21,343.18,4.86
Banksia Beach,Aug-21,295.33,4.25
Banksia Beach,Jul-21,317.98,6.15
Beachmere,Jul-23,266.4,3.96
Beachmere,Jun-23,252.04,6.13
Beachmere,May-23,231.07,4.69
Beachmere,Apr-23,279.09,3.68
Beachmere,Mar-23,247.08,3.67
Beachmere,Feb-23,244.49,5.41
Beachmere,Jan-23,321.19,4.09
Beachmere,Dec-22,328.55,3.33
Beachmere,Nov-22,226.8,3.37
Beachmere,Oct-22,234.74,3.32
Beachmere,Sep-22,277.54,4.48
Beachmere,Aug-22,211.4,3.52
Beachmere,Jul-22,221.96,5.2
Beachmere,Jun-22,195.84,4.7
Beachmere,May-22,194.51,6.45
Beachmere,Apr-22,238.36,3.98
Beachmere,Mar-22,208.56,5.88
Beachmere,Feb-22,203.02,4.54
Beachmere,Jan-22,276.31,4.44
Beachmere,Dec-21,296.14,5.25
Beachmere,Nov-21,231.07,4.35
Beachmere,Oct-21,239.3,3.54
Beachmere,Sep-21,280.81,3.69
Beachmere,Aug-21,209.28,4.19
Beachmere,Jul-21,202.63,3.57
Bellara,Jul-23,257.55,5.19
Bellara,Jun-23,254.57,4.62
Bellara,May-23,194.84,4.15
Bellara,Apr-23,235.13,3.92
Bellara,Mar-23,210.82,3.07
Bellara,Feb-23,211.52,2.92
Bellara,Jan-23,248.28,2.78
Bellara,Dec-22,252.4,3.28
Bellara,Nov-22,192.28,3.85
Bellara,Oct-22,199.68,3.88
Bellara,Sep-22,219.1,3.4
Bellara,Aug-22,175.24,4.66
Bellara,Jul-22,200.04,5.17
Bellara,Jun-22,195.08,4.26
Bellara,May-22,177.16,5.21
Bellara,Apr-22,220.78,3.13
Bellara,Mar-22,177.44,4.41
Bellara,Feb-22,184.59,3.79
Bellara,Jan-22,227.97,3.58
Bellara,Dec-21,243.82,3.87
Bellara,Nov-21,175.61,4.12
Bellara,Oct-21,177.8,3.98
Bellara,Sep-21,188.03,4.15
Bellara,Aug-21,186.45,3.84
Bellara,Jul-21,193.28,4.9
Bellmere,Jul-23,196.48,22.67
Bellmere,Jun-23,218.83,35.5
Bellmere,May-23,170.32,5.2
Bellmere,Apr-23,182.92,4.17
Bellmere,Mar-23,187.54,22.17
Bellmere,Feb-23,207.99,2.31
Bellmere,Jan-23,223.57,29.56
Bellmere,Dec-22,188.75,3.6
Bellmere,Nov-22,175.68,4.41
Bellmere,Oct-22,154.35,7.63
Bellmere,Sep-22,174.39,5
Bellmere,Aug-22,174.1,3.87
Bellmere,Jul-22,139.29,3.42
Bellmere,Jun-22,153.12,5
Bellmere,May-22,144.48,4.88
Bellmere,Apr-22,131,3.33
Bellmere,Mar-22,127.73,11.79
Bellmere,Feb-22,131.27,2.3
Bellmere,Jan-22,166.86,2.26
Bellmere,Dec-21,172.2,3.12
Bellmere,Nov-21,155.69,13
Bellmere,Oct-21,126.23,3.74
Bellmere,Sep-21,144.83,7.8
Bellmere,Aug-21,140.33,5.4
Bellmere,Jul-21,148.72,9.5
Bellthorpe,Jul-23,327.33,3.19
Bellthorpe,Jun-23,319.45,2.46
Bellthorpe,May-23,305.76,2.78
Bellthorpe,Apr-23,309.44,2.41
Bellthorpe,Mar-23,311.88,3.43
Bellthorpe,Feb-23,293.39,2.68
Bellthorpe,Jan-23,293.15,2.74
Bellthorpe,Dec-22,314.73,2.6
Bellthorpe,Nov-22,302.88,1.96
Bellthorpe,Oct-22,315.7,2.86
Bellthorpe,Sep-22,302.77,2.82
Bellthorpe,Aug-22,291.69,2.5
Bellthorpe,Jul-22,296.91,2.13
Bellthorpe,Jun-22,278.57,2.48
Bellthorpe,May-22,243.39,2.56
Bellthorpe,Apr-22,237.96,2.7
Bellthorpe,Mar-22,228.62,2.32
Bellthorpe,Feb-22,221.18,2.71
Bellthorpe,Jan-22,223.34,2.2
Bellthorpe,Dec-21,251.44,2.25
Bellthorpe,Nov-21,222.03,2.93
Bellthorpe,Oct-21,229.2,2.81
Bellthorpe,Sep-21,251.33,6.22
Bellthorpe,Aug-21,258.1,2.33
Bellthorpe,Jul-21,260.74,2.26
Bongaree,Jul-23,277.51,4.65
Bongaree,Jun-23,271.68,4.42
Bongaree,May-23,246.45,6.42
Bongaree,Apr-23,293.23,2.99
Bongaree,Mar-23,246.52,2.57
Bongaree,Feb-23,228.2,3.7
Bongaree,Jan-23,283.9,3.21
Bongaree,Dec-22,295.91,3.33
Bongaree,Nov-22,213.58,3.47
Bongaree,Oct-22,227.8,4.22
Bongaree,Sep-22,248.51,3.52
Bongaree,Aug-22,206.44,4.35
Bongaree,Jul-22,225.28,4.63
Bongaree,Jun-22,212.48,4.62
Bongaree,May-22,201.75,5.09
Bongaree,Apr-22,247.69,3.71
Bongaree,Mar-22,192.55,3.69
Bongaree,Feb-22,203.67,2.96
Bongaree,Jan-22,238.07,4.07
Bongaree,Dec-21,251.83,4.03
Bongaree,Nov-21,196.37,4.06
Bongaree,Oct-21,189.31,3.67
Bongaree,Sep-21,215.33,3.29
Bongaree,Aug-21,200.23,4.18
Bongaree,Jul-21,218.9,5.03
Booroobin,Jul-23,448.68,1.97
Booroobin,Jun-23,429.89,2.27
Booroobin,May-23,461.2,3.47
Booroobin,Apr-23,441.98,2.27
Booroobin,Mar-23,442.99,2.14
Booroobin,Feb-23,394.8,2.36
Booroobin,Jan-23,410.69,2.57
Booroobin,Dec-22,419.79,2.29
Booroobin,Nov-22,447.36,2.12
Booroobin,Oct-22,466.13,2.08
Booroobin,Sep-22,433.99,2.03
Booroobin,Aug-22,416.24,2.06
Booroobin,Jul-22,442.77,2.28
Booroobin,Jun-22,427.03,1.97
Booroobin,May-22,442.28,1.96
Booroobin,Apr-22,426.14,2.82
Booroobin,Mar-22,430.73,2.85
Booroobin,Feb-22,443.82,1.94
Booroobin,Jan-22,455.89,2.25
Booroobin,Dec-21,450.09,2.49
Booroobin,Nov-21,421.02,2.71
Booroobin,Oct-21,403.48,2.41
Booroobin,Sep-21,397.93,2.15
Booroobin,Aug-21,418.39,2.45
Booroobin,Jul-21,409.81,2.19
Bray Park,Jul-23,179.51,4.91
Bray Park,Jun-23,127.26,4.09
Bray Park,May-23,124.85,5.76
Bray Park,Apr-23,165.99,4.26
Bray Park,Mar-23,146.86,14.89
Bray Park,Feb-23,133.47,5.56
Bray Park,Jan-23,125.18,9.8
Bray Park,Dec-22,113.43,5.94
Bray Park,Nov-22,75.23,7.36
Bray Park,Oct-22,80.4,3.36
Bray Park,Sep-22,80.44,6.18
Bray Park,Aug-22,73.88,8.88
Bray Park,Jul-22,73.52,4.68
Bray Park,Jun-22,71.89,6.14
Bray Park,May-22,73.45,4.07
Bray Park,Apr-22,74.67,7.6
Bray Park,Mar-22,71.94,21.73
Bray Park,Feb-22,70.53,7.2
Bray Park,Jan-22,71.39,10.38
Bray Park,Dec-21,73.43,8.27
Bray Park,Nov-21,67.37,13
Bray Park,Oct-21,66.27,14.75
Bray Park,Sep-21,69.11,4.5
Bray Park,Aug-21,71.36,12
Bray Park,Jul-21,70.39,15
Brendale,Jul-23,99.35,6.5
Brendale,Jun-23,,
Brendale,May-23,91.16,
Brendale,Apr-23,109.67,2.2
Brendale,Mar-23,100.74,5.5
Brendale,Feb-23,93.35,4.33
Brendale,Jan-23,102.71,5
Brendale,Dec-22,111.84,2
Brendale,Nov-22,112.32,1.67
Brendale,Oct-22,111.06,12
Brendale,Sep-22,253.26,1.17
Brendale,Aug-22,264.19,1
Brendale,Jul-22,,
Brendale,Jun-22,,
Brendale,May-22,,
Brendale,Apr-22,,
Brendale,Mar-22,,
Brendale,Feb-22,,
Brendale,Jan-22,,
Brendale,Dec-21,,
Brendale,Nov-21,,
Brendale,Oct-21,,
Brendale,Sep-21,,
Brendale,Aug-21,,
Brendale,Jul-21,,
Bunya,Jul-23,146.12,3.71
Bunya,Jun-23,137.36,10.08
Bunya,May-23,155.07,3.57
Bunya,Apr-23,142.81,4.78
Bunya,Mar-23,135.7,2
Bunya,Feb-23,158.08,5.64
Bunya,Jan-23,117.01,3.8
Bunya,Dec-22,115.53,7.5
Bunya,Nov-22,95.71,9.5
Bunya,Oct-22,101.33,4.25
Bunya,Sep-22,98.41,4
Bunya,Aug-22,95.86,6.6
Bunya,Jul-22,81.56,21
Bunya,Jun-22,81.12,31
Bunya,May-22,82.02,4.17
Bunya,Apr-22,73.85,
Bunya,Mar-22,73.48,53
Bunya,Feb-22,72.75,11.5
Bunya,Jan-22,71.31,20
Bunya,Dec-21,76.88,23
Bunya,Nov-21,74.01,30
Bunya,Oct-21,74.31,31
Bunya,Sep-21,70.91,
Bunya,Aug-21,69.2,48
Bunya,Jul-21,76.63,30.33
Burpengary,Jul-23,136.99,3.78
Burpengary,Jun-23,127.43,2.83
Burpengary,May-23,113.03,2.84
Burpengary,Apr-23,109.25,6.57
Burpengary,Mar-23,111.76,7.96
Burpengary,Feb-23,106.63,2.61
Burpengary,Jan-23,104.88,8.08
Burpengary,Dec-22,101.72,6.6
Burpengary,Nov-22,96.08,8.28
Burpengary,Oct-22,103.29,3.57
Burpengary,Sep-22,101.85,6
Burpengary,Aug-22,97.03,3.12
Burpengary,Jul-22,91.07,6.42
Burpengary,Jun-22,84.8,4.31
Burpengary,May-22,80.58,7.88
Burpengary,Apr-22,91.38,4.32
Burpengary,Mar-22,99.79,2.21
Burpengary,Feb-22,87.17,3.45
Burpengary,Jan-22,89.29,5.55
Burpengary,Dec-21,85.83,2.67
Burpengary,Nov-21,77.15,8.65
Burpengary,Oct-21,76.93,7.63
Burpengary,Sep-21,86.2,5.06
Burpengary,Aug-21,68.87,4.94
Burpengary,Jul-21,68.8,6.43
Burpengary East,Jul-23,223.54,28.75
Burpengary East,Jun-23,210.41,5.33
Burpengary East,May-23,253.79,31.8
Burpengary East,Apr-23,260.79,2.8
Burpengary East,Mar-23,221.08,5.63
Burpengary East,Feb-23,360.09,4
Burpengary East,Jan-23,262.51,29.5
Burpengary East,Dec-22,190.85,6.67
Burpengary East,Nov-22,174.67,2.38
Burpengary East,Oct-22,212.74,5.56
Burpengary East,Sep-22,258.41,4.36
Burpengary East,Aug-22,220.75,3.33
Burpengary East,Jul-22,364.11,5.75
Burpengary East,Jun-22,445.46,17
Burpengary East,May-22,,
Burpengary East,Apr-22,341.5,1
Burpengary East,Mar-22,338.21,1
Burpengary East,Feb-22,351.58,1
Burpengary East,Jan-22,350.51,1
Burpengary East,Dec-21,350.13,1
Burpengary East,Nov-21,343.18,1
Burpengary East,Oct-21,340.41,1
Burpengary East,Sep-21,343.57,1
Burpengary East,Aug-21,,
Burpengary East,Jul-21,190.76,1
Caboolture,Jul-23,141.27,2.75
Caboolture,Jun-23,139.92,3.4
Caboolture,May-23,134.57,2.92
Caboolture,Apr-23,136.67,3.08
Caboolture,Mar-23,127.91,3
Caboolture,Feb-23,128.14,7.58
Caboolture,Jan-23,120.51,4.82
Caboolture,Dec-22,110.22,3.03
Caboolture,Nov-22,100.91,2.65
Caboolture,Oct-22,110.38,3.23
Caboolture,Sep-22,100.92,3.08
Caboolture,Aug-22,89.84,3.05
Caboolture,Jul-22,95.84,3.14
Caboolture,Jun-22,88.57,3.03
Caboolture,May-22,87.95,2.98
Caboolture,Apr-22,88.01,3.75
Caboolture,Mar-22,81.34,3.15
Caboolture,Feb-22,86.95,2.64
Caboolture,Jan-22,90.22,5.48
Caboolture,Dec-21,85.67,2.33
Caboolture,Nov-21,83.03,5.87
Caboolture,Oct-21,84.03,3.4
Caboolture,Sep-21,89.71,2.51
Caboolture,Aug-21,90.89,4.23
Caboolture,Jul-21,92.26,4.3
Caboolture South,Jul-23,239.61,11.5
Caboolture South,Jun-23,204.86,5.17
Caboolture South,May-23,177.35,9
Caboolture South,Apr-23,229.92,9.56
Caboolture South,Mar-23,192.27,5.14
Caboolture South,Feb-23,285.93,9.5
Caboolture South,Jan-23,200.78,13.71
Caboolture South,Dec-22,274.63,7.83
Caboolture South,Nov-22,207.99,11.4
Caboolture South,Oct-22,330.73,5.75
Caboolture South,Sep-22,350.93,6.33
Caboolture South,Aug-22,253.58,2.5
Caboolture South,Jul-22,193.65,5
Caboolture South,Jun-22,194.37,10.67
Caboolture South,May-22,189.07,3
Caboolture South,Apr-22,,
Caboolture South,Mar-22,,
Caboolture South,Feb-22,,
Caboolture South,Jan-22,,
Caboolture South,Dec-21,243.92,
Caboolture South,Nov-21,225.19,
Caboolture South,Oct-21,213.07,32
Caboolture South,Sep-21,214.3,
Caboolture South,Aug-21,214.72,40
Caboolture South,Jul-21,210.37,9.5
Camp Mountain,Jul-23,198.39,3.43
Camp Mountain,Jun-23,205.65,6
Camp Mountain,May-23,202.72,2.75
Camp Mountain,Apr-23,184.04,5.1
Camp Mountain,Mar-23,160.08,4.56
Camp Mountain,Feb-23,165.05,6
Camp Mountain,Jan-23,150.82,2.54
Camp Mountain,Dec-22,176.24,3.67
Camp Mountain,Nov-22,195.69,3.27
Camp Mountain,Oct-22,193.4,10.27
Camp Mountain,Sep-22,179.24,5.25
Camp Mountain,Aug-22,178.22,14.25
Camp Mountain,Jul-22,166.58,2.5
Camp Mountain,Jun-22,167.76,4.3
Camp Mountain,May-22,177.25,2.65
Camp Mountain,Apr-22,183.16,3.4
Camp Mountain,Mar-22,174.09,4.63
Camp Mountain,Feb-22,161.07,3.39
Camp Mountain,Jan-22,164.22,5.24
Camp Mountain,Dec-21,188.28,6.53
Camp Mountain,Nov-21,145.93,7.07
Camp Mountain,Oct-21,145.19,2.62
Camp Mountain,Sep-21,143.26,5.1
Camp Mountain,Aug-21,140.14,4.53
Camp Mountain,Jul-21,140.64,5.75
Cashmere,Jul-23,315.11,7.28
Cashmere,Jun-23,232.22,4.84
Cashmere,May-23,198.89,2.64
Cashmere,Apr-23,243.02,3.5
Cashmere,Mar-23,248.66,4.93
Cashmere,Feb-23,272.2,3.55
Cashmere,Jan-23,310.93,4.95
Cashmere,Dec-22,321.25,4.53
Cashmere,Nov-22,233.24,6.1
Cashmere,Oct-22,273.23,3.7
Cashmere,Sep-22,338.07,3.9
Cashmere,Aug-22,317.64,4.83
Cashmere,Jul-22,316.68,6.69
Cashmere,Jun-22,252.28,30
Cashmere,May-22,252.36,6.23
Cashmere,Apr-22,218.72,3.46
Cashmere,Mar-22,193.71,8.67
Cashmere,Feb-22,213.99,14.4
Cashmere,Jan-22,193.67,4.92
Cashmere,Dec-21,182.76,4.64
Cashmere,Nov-21,174.44,4.27
Cashmere,Oct-21,155.8,4
Cashmere,Sep-21,199.63,5.71
Cashmere,Aug-21,172.54,8.8
Cashmere,Jul-21,165.3,6.75
Cedar Creek,Jul-23,185.76,
Cedar Creek,Jun-23,186.06,
Cedar Creek,May-23,188.24,
Cedar Creek,Apr-23,185.71,90
Cedar Creek,Mar-23,184.16,
Cedar Creek,Feb-23,178.62,
Cedar Creek,Jan-23,159.22,31
Cedar Creek,Dec-22,151.78,11
Cedar Creek,Nov-22,164.54,4.6
Cedar Creek,Oct-22,167.38,5.2
Cedar Creek,Sep-22,165.66,9.5
Cedar Creek,Aug-22,149.98,36
Clear Mountain,Jul-23,152.77,4.74
Clear Mountain,Jun-23,150.09,5.82
Clear Mountain,May-23,147.81,4.08
Clear Mountain,Apr-23,142.73,8.13
Clear Mountain,Mar-23,146.44,3.17
Clear Mountain,Feb-23,135.85,4.22
Clear Mountain,Jan-23,144.82,8.06
Clear Mountain,Dec-22,143.21,4.38
Clear Mountain,Nov-22,137.23,2.82
Clear Mountain,Oct-22,148.46,4.26
Clear Mountain,Sep-22,140.09,2.31
Clear Mountain,Aug-22,135.91,2.96
Clear Mountain,Jul-22,134.59,3
Clear Mountain,Jun-22,131.56,2.72
Clear Mountain,May-22,129.34,4.79
Clear Mountain,Apr-22,128.56,2.42
Clear Mountain,Mar-22,127.1,4.45
Clear Mountain,Feb-22,121.58,6.21
Clear Mountain,Jan-22,128.28,4.95
Clear Mountain,Dec-21,123.58,2.62
Clear Mountain,Nov-21,124.11,1.85
Clear Mountain,Oct-21,116.72,1.89
Clear Mountain,Sep-21,120.47,4.8
Clear Mountain,Aug-21,117.96,1.63
Clear Mountain,Jul-21,111.48,2.17
Clontarf,Jul-23,193.98,8.11
Clontarf,Jun-23,196.16,4.48
Clontarf,May-23,176.97,7.68
Clontarf,Apr-23,174.34,6.47
Clontarf,Mar-23,173.6,10.43
Clontarf,Feb-23,190.64,6.63
Clontarf,Jan-23,171.23,9.74
Clontarf,Dec-22,189.55,4.68
Clontarf,Nov-22,190.92,3.35
Clontarf,Oct-22,192.93,3.39
Clontarf,Sep-22,151.65,5.21
Clontarf,Aug-22,114.99,4.92
Clontarf,Jul-22,109.49,3.11
Clontarf,Jun-22,121.59,4.02
Clontarf,May-22,114.07,7.77
Clontarf,Apr-22,112.38,6.59
Clontarf,Mar-22,147.11,8.8
Clontarf,Feb-22,178.02,6.2
Clontarf,Jan-22,165.28,4.71
Clontarf,Dec-21,177.38,3.49
Clontarf,Nov-21,207.23,8.48
Clontarf,Oct-21,134.9,3.91
Clontarf,Sep-21,104.31,6.8
Clontarf,Aug-21,137.88,4.56
Clontarf,Jul-21,178.6,3.3
Closeburn,Jul-23,347.93,3
Closeburn,Jun-23,346.86,3.07
Closeburn,May-23,339.84,2.97
Closeburn,Apr-23,338.98,2.77
Closeburn,Mar-23,355.5,2.74
Closeburn,Feb-23,346.54,3
Closeburn,Jan-23,283.63,3.42
Closeburn,Dec-22,282.06,2.59
Closeburn,Nov-22,319.64,3
Closeburn,Oct-22,330.73,2.96
Closeburn,Sep-22,327.44,2.93
Closeburn,Aug-22,326.32,2.45
Closeburn,Jul-22,327.74,3.13
Closeburn,Jun-22,330.56,3.3
Closeburn,May-22,320.91,3.04
Closeburn,Apr-22,309.29,10.04
Closeburn,Mar-22,298.97,2.97
Closeburn,Feb-22,315.99,2.92
Closeburn,Jan-22,315.13,5.79
Closeburn,Dec-21,327.22,4.46
Closeburn,Nov-21,312.5,2.76
Closeburn,Oct-21,305.15,2.56
Closeburn,Sep-21,302,2.89
Closeburn,Aug-21,321.62,2.36
Closeburn,Jul-21,305.41,2.63
D'Aguilar,Jul-23,241.17,4.33
D'Aguilar,Jun-23,278.31,2.6
D'Aguilar,May-23,243.52,3.8
Dakabin,Jul-23,258.75,3.59
Dakabin,Jun-23,274.89,6.88
Dakabin,May-23,266.38,6.42
Dakabin,Apr-23,229.39,9.14
Dakabin,Mar-23,174.04,4.86
Dakabin,Feb-23,185.61,3.12
Dakabin,Jan-23,302.22,7.75
Dakabin,Dec-22,310.94,9.29
Dakabin,Nov-22,240.28,2.97
Dakabin,Oct-22,233.52,2.76
Dakabin,Sep-22,187.84,8.13
Dakabin,Aug-22,171.99,3.45
Dakabin,Jul-22,154.69,4.31
Dakabin,Jun-22,178.54,4.65
Dakabin,May-22,149.35,1.87
Dakabin,Apr-22,143.51,7.1
Dakabin,Mar-22,140.69,3.47
Dakabin,Feb-22,142.66,2.82
Dakabin,Jan-22,143.43,19
Dakabin,Dec-21,156.84,4.47
Dakabin,Nov-21,126.51,6.29
Dakabin,Oct-21,135.19,8.43
Dakabin,Sep-21,140.08,14.75
Dakabin,Aug-21,148.24,2.55
Dakabin,Jul-21,131.5,7.36
Dayboro,Jul-23,250.98,1.57
Dayboro,Jun-23,229.12,2.34
Dayboro,May-23,277.16,1.32
Dayboro,Apr-23,213.7,2.31
Dayboro,Mar-23,256.23,2.85
Dayboro,Feb-23,169.01,1.33
Dayboro,Jan-23,180.6,3.56
Dayboro,Dec-22,193.93,1.64
Dayboro,Nov-22,202.85,4
Dayboro,Oct-22,208.35,1.4
Dayboro,Sep-22,199.99,3.06
Dayboro,Aug-22,201.03,2.57
Dayboro,Jul-22,195.46,3.64
Dayboro,Jun-22,207.83,5.29
Dayboro,May-22,226.72,2
Dayboro,Apr-22,219.61,2.75
Dayboro,Mar-22,109.26,2
Dayboro,Feb-22,69.81,10.67
Dayboro,Jan-22,183.45,1
Dayboro,Dec-21,223.38,6
Dayboro,Nov-21,223.19,5
Dayboro,Oct-21,215.69,1.13
Dayboro,Sep-21,253.05,1.29
Dayboro,Aug-21,277.82,1.5
Dayboro,Jul-21,250.03,14.2
Deception Bay,Jul-23,173.6,5.17
Deception Bay,Jun-23,186.05,2.8
Deception Bay,May-23,217.18,4.76
Deception Bay,Apr-23,200.46,3.29
Deception Bay,Mar-23,187.11,4.83
Deception Bay,Feb-23,190.16,21.3
Deception Bay,Jan-23,208.86,5.16
Deception Bay,Dec-22,251.36,3.76
Deception Bay,Nov-22,241.59,4.47
Deception Bay,Oct-22,121.56,3.08
Deception Bay,Sep-22,127.28,2.6
Deception Bay,Aug-22,109.42,4.6
Deception Bay,Jul-22,116.19,4.43
Deception Bay,Jun-22,113.63,3.33
Deception Bay,May-22,124.67,4.55
Deception Bay,Apr-22,117.32,3.13
Deception Bay,Mar-22,116.47,2.63
Deception Bay,Feb-22,134.04,12.13
Deception Bay,Jan-22,117.36,3.48
Deception Bay,Dec-21,128.36,5.17
Deception Bay,Nov-21,130.57,5.54
Deception Bay,Oct-21,107.18,4.45
Deception Bay,Sep-21,113.05,4.88
Deception Bay,Aug-21,111.05,7.04
Deception Bay,Jul-21,97.58,6.08
Delaneys Creek,Jul-23,177.72,2
Delaneys Creek,Jun-23,177.95,2.36
Delaneys Creek,May-23,179.93,11.62
Delaneys Creek,Apr-23,154.65,2.14
Delaneys Creek,Mar-23,97.98,2.08
Delaneys Creek,Feb-23,97.26,1.79
Delaneys Creek,Jan-23,119.92,2.6
Delaneys Creek,Dec-22,227.15,4.18
Delaneys Creek,Nov-22,95.42,2.17
Delaneys Creek,Oct-22,132.73,4
Delaneys Creek,Sep-22,336.25,1.5
Delaneys Creek,Aug-22,196.31,5.25
Delaneys Creek,Jul-22,175.69,2
Delaneys Creek,Jun-22,177.6,7.55
Delaneys Creek,May-22,98.07,1.8
Delaneys Creek,Apr-22,122.1,3.17
Delaneys Creek,Mar-22,120.36,7.25
Delaneys Creek,Feb-22,152.48,2.36
Delaneys Creek,Jan-22,153.12,2.42
Delaneys Creek,Dec-21,169.76,2.56
Delaneys Creek,Nov-21,163.63,4
Delaneys Creek,Oct-21,149.86,8.24
Delaneys Creek,Sep-21,149.84,3.17
Delaneys Creek,Aug-21,140.25,1.91
Delaneys Creek,Jul-21,152.35,5.13
Donnybrook,Jul-23,288.89,2.5
Donnybrook,Jun-23,297.65,5.5
Donnybrook,May-23,241.6,3.67
Donnybrook,Apr-23,310.01,5.8
Donnybrook,Mar-23,279.43,8.75
Donnybrook,Feb-23,270.51,3.44
Donnybrook,Jan-23,288.89,5
Donnybrook,Dec-22,280.88,5.67
Donnybrook,Nov-22,293.15,3.5
Donnybrook,Oct-22,314.25,2.5
Donnybrook,Sep-22,281,2.64
Donnybrook,Aug-22,300.19,3.29
Donnybrook,Jul-22,224.95,2.5
Donnybrook,Jun-22,223.55,1.75
Donnybrook,May-22,225.99,3.25
Donnybrook,Apr-22,214.79,4.33
Donnybrook,Mar-22,212.45,3.33
Donnybrook,Feb-22,219.11,2
Donnybrook,Jan-22,222.75,3.57
Donnybrook,Dec-21,226.24,4
Donnybrook,Nov-21,223.61,3.5
Donnybrook,Oct-21,219.49,3.5
Donnybrook,Sep-21,220.54,2.4
Donnybrook,Aug-21,236.37,4
Donnybrook,Jul-21,,
Draper,Jul-23,119.55,3.71
Draper,Jun-23,119.56,1.75
Draper,May-23,122.25,5.4
Draper,Apr-23,120.18,2
Draper,Mar-23,,
Eatons Hill,Jul-23,505.07,1
Eatons Hill,Jun-23,506.45,10.8
Eatons Hill,May-23,514.77,3.5
Eatons Hill,Apr-23,459.4,2
Eatons Hill,Mar-23,475.02,3
Eatons Hill,Feb-23,445.43,24.25
Eatons Hill,Jan-23,472.22,5.86
Eatons Hill,Dec-22,496.71,5
Eatons Hill,Nov-22,503.64,4.88
Eatons Hill,Oct-22,514.81,2.13
Eatons Hill,Sep-22,496.28,2
Eatons Hill,Aug-22,478.92,14.5
Eatons Hill,Jul-22,440.1,5.31
Eatons Hill,Jun-22,466.02,9
Eatons Hill,May-22,445.71,10.43
Eatons Hill,Apr-22,438.32,2.18
Eatons Hill,Mar-22,371.02,1.5
Eatons Hill,Feb-22,329.45,1.29
Eatons Hill,Jan-22,376.99,1.84
Eatons Hill,Dec-21,408.74,2.22
Eatons Hill,Nov-21,359.76,2.55
Eatons Hill,Oct-21,351.82,1.85
Eatons Hill,Sep-21,342.13,1.87
Eatons Hill,Aug-21,443.04,1.5
Eatons Hill,Jul-21,421.29,1.36
Elimbah,Jul-23,101.78,14
Elimbah,Jun-23,104.56,7.33
Elimbah,May-23,104.83,5.6
Elimbah,Apr-23,103.13,2.4
Elimbah,Oct-21,,
Elimbah,Sep-21,,
Elimbah,Aug-21,,
Elimbah,Jul-21,,
Everton Hills,Jul-23,224.87,7.76
Everton Hills,Jun-23,280.21,9.2
Everton Hills,May-23,268.91,6.72
Everton Hills,Apr-23,275.43,8.84
Everton Hills,Mar-23,261.36,6.12
Everton Hills,Feb-23,260.36,4.79
Everton Hills,Jan-23,258.32,6.69
Everton Hills,Dec-22,248.17,10.79
Everton Hills,Nov-22,204.19,11.77
Everton Hills,Oct-22,205.68,3.38
Everton Hills,Sep-22,213.07,4.13
Everton Hills,Aug-22,211.19,6.53
Everton Hills,Jul-22,263.43,10.62
Everton Hills,Jun-22,220.78,6.09
Everton Hills,May-22,181.12,5.65
Everton Hills,Apr-22,142.36,10
Everton Hills,Mar-22,150.06,20.14
Everton Hills,Feb-22,147.53,19.25
Everton Hills,Jan-22,140.82,11.1
Everton Hills,Dec-21,149.33,15.09
Everton Hills,Nov-21,125.34,5.5
Everton Hills,Oct-21,107.14,4.75
Everton Hills,Sep-21,96.22,12.76
Everton Hills,Aug-21,87.86,5.48
Everton Hills,Jul-21,92.34,11.37
Ferny Hills,Jul-23,176.82,9.93
Ferny Hills,Jun-23,164.23,3.89
Ferny Hills,May-23,192.4,11.14
Ferny Hills,Apr-23,153.34,3.38
Ferny Hills,Mar-23,133.02,9.18
Ferny Hills,Feb-23,126.4,5.56
Ferny Hills,Jan-23,117.66,3.56
Ferny Hills,Dec-22,135.22,8.29
Ferny Hills,Nov-22,134.16,3.64
Ferny Hills,Oct-22,126.51,4.33
Ferny Hills,Sep-22,111.09,8.29
Ferny Hills,Aug-22,136.02,3
Ferny Hills,Jul-22,142.59,20.33
Ferny Hills,Jun-22,,
Ferny Hills,May-22,,
Ferny Hills,Apr-22,199.49,1
Ferny Hills,Mar-22,197.96,1
Ferny Hills,Feb-22,142.17,1
Ferny Hills,Jan-22,123.13,5.87
Ferny Hills,Dec-21,131.69,2.44
Ferny Hills,Nov-21,118.02,4.73
Ferny Hills,Oct-21,140.87,1.85
Ferny Hills,Sep-21,116.84,3.19
Ferny Hills,Aug-21,92.3,4.57
Ferny Hills,Jul-21,107.08,2.75
Godwin Beach,Jul-23,230.72,9
Godwin Beach,Jun-23,283.05,7
Godwin Beach,May-23,309.08,15
Godwin Beach,Apr-23,430.33,2.5
Godwin Beach,Mar-23,,
Godwin Beach,Feb-23,297.32,
Godwin Beach,Jan-23,296.18,
Godwin Beach,Dec-22,353,58
Griffin,Jul-23,226.43,2.81
Griffin,Jun-23,184.12,2.96
Griffin,May-23,240.07,4.74
Griffin,Apr-23,219.12,3.09
Griffin,Mar-23,141.95,9.85
Griffin,Feb-23,131.94,3.83
Griffin,Jan-23,110.34,5.89
Griffin,Dec-22,109.08,4.5
Griffin,Nov-22,113.91,15.33
Griffin,Oct-22,157.73,9.17
Griffin,Sep-22,159.64,5.6
Griffin,Aug-22,124,4
Griffin,Jul-22,148.9,2.67
Griffin,Jun-22,140.02,6.67
Griffin,May-22,130.84,5.11
Griffin,Apr-22,133.65,2.92
Griffin,Mar-22,120.85,4.43
Griffin,Feb-22,115.53,8
Griffin,Jan-22,100.88,5.64
Griffin,Dec-21,90.11,3.25
Griffin,Nov-21,91.32,6.29
Griffin,Oct-21,74.35,5.6
Griffin,Sep-21,65.55,2.64
Griffin,Aug-21,65.22,4.57
Griffin,Jul-21,62.68,2.83
Highvale,Jul-23,292.35,7.69
Highvale,Jun-23,285.78,3.04
Highvale,May-23,260.89,3.05
Highvale,Apr-23,265.14,6.38
Highvale,Mar-23,233.06,3.41
Highvale,Feb-23,205.14,2.72
Highvale,Jan-23,200.65,3.94
Highvale,Dec-22,210.45,3.04
Highvale,Nov-22,166.5,3.53
Highvale,Oct-22,185.09,6.65
Highvale,Sep-22,179.9,3.33
Highvale,Aug-22,169.61,4.33
Highvale,Jul-22,181.21,3.48
Highvale,Jun-22,182.11,3.59
Highvale,May-22,158.93,15.74
Highvale,Apr-22,164.12,3.74
Highvale,Mar-22,141.42,4.55
Highvale,Feb-22,152.11,2.58
Highvale,Jan-22,182.7,3.43
Highvale,Dec-21,183.19,3.04
Highvale,Nov-21,156.99,2.06
Highvale,Oct-21,145.48,2.8
Highvale,Sep-21,144.49,3.21
Highvale,Aug-21,156.77,2.61
Highvale,Jul-21,154.73,2.56
Jollys Lookout,Jul-23,147.02,2.2
Jollys Lookout,Jun-23,144.11,6.25
Jollys Lookout,May-23,145.14,1.67
Jollys Lookout,Apr-23,145.79,1.5
Jollys Lookout,Mar-23,146.12,4
Jollys Lookout,Feb-23,147.74,2.5
Jollys Lookout,Jan-23,141.91,2
Jollys Lookout,Nov-22,147.47,2.5
Jollys Lookout,Oct-22,152.77,2.6
Jollys Lookout,Sep-22,147.03,1.6
Jollys Lookout,Aug-22,146.23,2.67
Jollys Lookout,Jul-22,,
Joyner,Jul-23,94.94,5.67
Joyner,Jun-23,94.17,7
Joyner,May-23,96.44,5.33
Joyner,Apr-23,96.77,4
Joyner,Mar-23,97.45,7
Joyner,Jan-23,,
Joyner,Sep-21,,
Joyner,Aug-21,,
Joyner,Jul-21,,
Kallangur,Jul-23,123.75,5.92
Kallangur,Jun-23,133.23,3.65
Kallangur,May-23,128.31,5.53
Kallangur,Apr-23,138.07,6.46
Kallangur,Mar-23,134.6,4.62
Kallangur,Feb-23,128.27,4.57
Kallangur,Jan-23,126.57,4.16
Kallangur,Dec-22,118.62,5.11
Kallangur,Nov-22,114.71,2.84
Kallangur,Oct-22,123.54,5
Kallangur,Sep-22,114.4,2.82
Kallangur,Aug-22,89.87,5.1
Kallangur,Jul-22,98.37,5.19
Kallangur,Jun-22,96.34,4.83
Kallangur,May-22,82.75,5.42
Kallangur,Apr-22,83.93,2.26
Kallangur,Mar-22,68.3,5.21
Kallangur,Feb-22,68.77,3.88
Kallangur,Jan-22,71.48,5.17
Kallangur,Dec-21,71.6,8.57
Kallangur,Nov-21,70.11,8.14
Kallangur,Oct-21,85.21,3.45
Kallangur,Sep-21,81.13,8.36
Kallangur,Aug-21,77.94,16.2
Kallangur,Jul-21,88.75,6.85
King Scrub,Jul-23,269.17,1.62
King Scrub,Jun-23,300.53,1.6
King Scrub,May-23,272.72,2
King Scrub,Apr-23,281.13,2
King Scrub,Mar-23,275.29,1.25
King Scrub,Feb-23,286.02,1
King Scrub,Jan-23,250.58,2.88
King Scrub,Dec-22,271.96,4.5
King Scrub,Nov-22,295.04,2.2
King Scrub,Oct-22,299.08,2.14
King Scrub,Sep-22,179.5,4.8
King Scrub,Aug-22,178.11,1.84
King Scrub,Jul-22,176.01,3.33
King Scrub,Jun-22,170.71,2.19
King Scrub,May-22,164.21,2.33
King Scrub,Apr-22,170.54,1.79
King Scrub,Mar-22,168.78,1.48
King Scrub,Feb-22,160.69,1.3
King Scrub,Jan-22,190.27,1.9
King Scrub,Dec-21,189.94,2.13
King Scrub,Nov-21,160.69,2.27
King Scrub,Oct-21,162.95,1.55
King Scrub,Sep-21,155.92,1.64
King Scrub,Aug-21,156.41,1.56
King Scrub,Jul-21,156.9,1.77
Kippa-Ring,Jul-23,110.08,6.67
Kippa-Ring,Jun-23,109.8,5.85
Kippa-Ring,May-23,114.42,9.16
Kippa-Ring,Apr-23,103.64,6.75
Kippa-Ring,Mar-23,111.06,4.58
Kippa-Ring,Feb-23,120.28,10.27
Kippa-Ring,Jan-23,107.47,6.32
Kippa-Ring,Dec-22,118.33,5.4
Kippa-Ring,Nov-22,126.09,4.25
Kippa-Ring,Oct-22,137.99,6.14
Kippa-Ring,Sep-22,128.56,3.95
Kippa-Ring,Aug-22,122.11,3.4
Kippa-Ring,Jul-22,125.34,4.54
Kippa-Ring,Jun-22,125.61,2.63
Kippa-Ring,May-22,136.86,3.62
Kippa-Ring,Apr-22,120.14,3.41
Kippa-Ring,Mar-22,106.86,3.46
Kippa-Ring,Feb-22,108.18,5.68
Kippa-Ring,Jan-22,104.66,7.53
Kippa-Ring,Dec-21,104.06,5.34
Kippa-Ring,Nov-21,100.29,5.68
Kippa-Ring,Oct-21,100.69,4.46
Kippa-Ring,Sep-21,98.02,6.41
Kippa-Ring,Aug-21,99.75,7.1
Kippa-Ring,Jul-21,100.75,3.82
Kobble Creek,Jul-23,183.96,3.69
Kobble Creek,Jun-23,177.34,3.93
Kobble Creek,May-23,185.76,4.7
Kobble Creek,Apr-23,194.32,2.48
Kobble Creek,Mar-23,213.19,4.2
Kobble Creek,Feb-23,186.8,4
Kobble Creek,Jan-23,190.2,2.82
Kobble Creek,Dec-22,185.55,3.67
Kobble Creek,Nov-22,179.09,4.15
Kobble Creek,Oct-22,203.88,3.53
Kobble Creek,Sep-22,192.56,2.63
Kobble Creek,Aug-22,197.78,2.76
Kobble Creek,Jul-22,200.68,5.31
Kobble Creek,Jun-22,193.53,4.12
Kobble Creek,May-22,191.13,5.52
Kobble Creek,Apr-22,182.31,3.72
Kobble Creek,Mar-22,190.58,4.04
Kobble Creek,Feb-22,190.77,3.52
Kobble Creek,Jan-22,186.05,2.65
Kobble Creek,Dec-21,199.84,3.36
Kobble Creek,Nov-21,185.41,4.57
Kobble Creek,Oct-21,185.69,2.81
Kobble Creek,Sep-21,187.18,2.13
Kobble Creek,Aug-21,191.24,2.59
Kobble Creek,Jul-21,188.94,3.16
Kurwongbah,Jul-23,224.09,1.69
Kurwongbah,Jun-23,224.69,1.43
Kurwongbah,May-23,257.26,5.8
Kurwongbah,Apr-23,256.72,33.94
Kurwongbah,Mar-23,257.55,3.25
Kurwongbah,Feb-23,247.66,10.07
Kurwongbah,Jan-23,243.46,1.32
Kurwongbah,Dec-22,240.57,1.24
Kurwongbah,Nov-22,241.27,1.42
Kurwongbah,Oct-22,250.09,1.38
Kurwongbah,Sep-22,248.84,1.38
Kurwongbah,Aug-22,240.25,1.29
Kurwongbah,Jul-22,230.62,1.52
Kurwongbah,Jun-22,211.39,1.4
Kurwongbah,May-22,209.77,1.41
Kurwongbah,Apr-22,210.63,1.48
Kurwongbah,Mar-22,205.83,1.27
Kurwongbah,Feb-22,206.18,1.5
Kurwongbah,Jan-22,207.97,1.47
Kurwongbah,Dec-21,206.53,1.74
Kurwongbah,Nov-21,200.23,1.45
Kurwongbah,Oct-21,202.8,1.34
Kurwongbah,Sep-21,168.54,1.3
Kurwongbah,Aug-21,167.68,1.27
Kurwongbah,Jul-21,169.8,1.24
Laceys Creek,Jul-23,187.5,2.87
Laceys Creek,Jun-23,172.91,2.42
Laceys Creek,May-23,150.56,3.18
Laceys Creek,Apr-23,175.13,2.47
Laceys Creek,Mar-23,168.89,4
Laceys Creek,Feb-23,160.38,3.4
Laceys Creek,Jan-23,189.69,3
Laceys Creek,Dec-22,145.94,2.33
Laceys Creek,Nov-22,134.25,2.56
Laceys Creek,Oct-22,174.51,2.8
Laceys Creek,Sep-22,176.61,2.71
Laceys Creek,Aug-22,214.98,2.44
Laceys Creek,Jul-22,256.7,3.8
Laceys Creek,Jun-22,240,2.83
Laceys Creek,May-22,220.53,1.33
Laceys Creek,Apr-22,242.81,2.17
Laceys Creek,Mar-22,218.67,3
Laceys Creek,Feb-22,232.19,2
Laceys Creek,Jan-22,230.85,2.2
Laceys Creek,Dec-21,248.63,3.5
Laceys Creek,Nov-21,198.75,2
Laceys Creek,Oct-21,186.35,2.17
Laceys Creek,Sep-21,196.59,4.67
Laceys Creek,Aug-21,199.94,1.8
Laceys Creek,Jul-21,203.26,1.82
Lawnton,Jul-23,245.27,5
Lawnton,Jun-23,204.51,4.58
Lawnton,May-23,209.46,3.69
Lawnton,Apr-23,218.76,2.58
Lawnton,Mar-23,161.33,2.88
Lawnton,Feb-23,126.22,6.4
Lawnton,Jan-23,165.82,5.89
Lawnton,Dec-22,159.85,2.13
Lawnton,Nov-22,125.44,2.29
Lawnton,Oct-22,162.2,2.21
Lawnton,Sep-22,151.33,2.86
Lawnton,Aug-22,137.68,2.11
Lawnton,Jul-22,128.61,3.2
Lawnton,Jun-22,155.04,3.28
Lawnton,May-22,79.83,5
Lawnton,Apr-22,55.7,3.33
Lawnton,Mar-22,56.08,4.57
Lawnton,Feb-22,55.01,1.33
Lawnton,Jan-22,49.05,3.29
Lawnton,Dec-21,51.49,1.4
Lawnton,Nov-21,50.23,2.67
Lawnton,Oct-21,43.94,2
Lawnton,Sep-21,42.51,3.5
Lawnton,Aug-21,39.86,5
Lawnton,Jul-21,40.41,3.5
Mango Hill,Jul-23,101.22,8.02
Mango Hill,Jun-23,108.28,7.53
Mango Hill,May-23,109.03,5.2
Mango Hill,Apr-23,102.48,6.18
Mango Hill,Mar-23,95.85,5.04
Mango Hill,Feb-23,95.36,6.07
Mango Hill,Jan-23,90.83,6.33
Mango Hill,Dec-22,95.96,4.07
Mango Hill,Nov-22,93.92,4.23
Mango Hill,Oct-22,82.11,5.67
Mango Hill,Sep-22,95.89,3.12
Mango Hill,Aug-22,88.9,6.88
Mango Hill,Jul-22,83.22,4
Mango Hill,Jun-22,87.9,6.47
Mango Hill,May-22,75.95,15
Mango Hill,Apr-22,68.61,16.44
Mango Hill,Mar-22,63.62,3.78
Mango Hill,Feb-22,63.12,3.36
Mango Hill,Jan-22,77.66,13.57
Mango Hill,Dec-21,75.47,3.91
Mango Hill,Nov-21,56.44,3.06
Mango Hill,Oct-21,58.62,3.83
Mango Hill,Sep-21,64.37,15.68
Mango Hill,Aug-21,87.56,3.76
Mango Hill,Jul-21,80.57,3.55
Margate,Jul-23,208.65,5.33
Margate,Jun-23,176.96,4.59
Margate,May-23,203.02,6.46
Margate,Apr-23,209.99,7.58
Margate,Mar-23,163.78,8.28
Margate,Feb-23,175.19,6.63
Margate,Jan-23,179.91,8.87
Margate,Dec-22,200.88,4.38
Margate,Nov-22,174.44,7.73
Margate,Oct-22,197.47,4.51
Margate,Sep-22,184.43,7.14
Margate,Aug-22,158.54,6.9
Margate,Jul-22,156.12,11.62
Margate,Jun-22,146.85,4.83
Margate,May-22,128.94,6.88
Margate,Apr-22,125.91,3.85
Margate,Mar-22,129.16,5.97
Margate,Feb-22,139.79,6.2
Margate,Jan-22,147.69,5.34
Margate,Dec-21,158.49,4.07
Margate,Nov-21,157.2,3.85
Margate,Oct-21,135.47,3.52
Margate,Sep-21,127.57,2.82
Margate,Aug-21,131.93,8.13
Margate,Jul-21,123.11,5.5
Meldale,Jul-23,539.35,3
Meldale,Jun-23,429.12,2
Meldale,May-23,233.89,2
Meldale,Apr-23,500.87,3.25
Meldale,Mar-23,332.41,2
Meldale,Feb-23,232.74,3
Meldale,Sep-22,528.93,2.5
Meldale,Aug-22,482.71,17.5
Meldale,Jul-22,525.82,4.5
Meldale,Jun-22,443.66,10
Meldale,May-22,507.87,3.33
Meldale,Apr-22,534.18,4
Meldale,Mar-22,552.27,3.6
Meldale,Feb-22,472.12,2
Meldale,Jan-22,707.98,7
Meldale,Dec-21,580.74,5
Meldale,Nov-21,565.19,3.33
Meldale,Oct-21,502.07,3
Meldale,Sep-21,490.92,3.4
Meldale,Aug-21,464.41,5.33
Meldale,Jul-21,494.86,2.5
Moorina,Jul-23,278.35,4
Moorina,Jun-23,279.45,4.9
Moorina,May-23,308.89,1.8
Moorina,Apr-23,276.4,10.17
Moorina,Mar-23,256.54,2.17
Moorina,Feb-23,267.5,2.5
Moorina,Jan-23,85.41,3
Moorina,Dec-22,86.83,2.67
Moorina,Nov-22,298.23,5
Moorina,Oct-22,276.17,18.67
Moorina,Sep-22,304.39,5.7
Moorina,Aug-22,314.01,6.27
Moorina,Jul-22,302.05,5.56
Moorina,Jun-22,225.67,4
Moorina,May-22,71.38,1.5
Moorina,Apr-22,70.11,2.67
Morayfield,Jul-23,137.8,5.98
Morayfield,Jun-23,154.62,3.39
Morayfield,May-23,122.44,2.69
Morayfield,Apr-23,126.17,4.14
Morayfield,Mar-23,138.59,5.27
Morayfield,Feb-23,128.5,3.62
Morayfield,Jan-23,138.94,3.86
Morayfield,Dec-22,145.7,3.46
Morayfield,Nov-22,146.08,2.83
Morayfield,Oct-22,174.99,4.36
Morayfield,Sep-22,190.81,3.2
Morayfield,Aug-22,159.52,3.27
Morayfield,Jul-22,166.18,3.2
Morayfield,Jun-22,129.95,4.78
Morayfield,May-22,101.43,10.87
Morayfield,Apr-22,97.68,4.22
Morayfield,Mar-22,85.86,3.33
Morayfield,Feb-22,84.5,3.5
Morayfield,Jan-22,91.69,5.68
Morayfield,Dec-21,75.18,2.78
Morayfield,Nov-21,72.51,17
Morayfield,Oct-21,70.21,5.13
Morayfield,Sep-21,70.8,3.29
Morayfield,Aug-21,67.97,7.18
Morayfield,Jul-21,71.08,15.17
Mount Glorious,Jul-23,258.35,2.41
Mount Glorious,Jun-23,239.26,2.53
Mount Glorious,May-23,249.57,2.04
Mount Glorious,Apr-23,253.93,2.48
Mount Glorious,Mar-23,231.06,2.56
Mount Glorious,Feb-23,249.09,2.17
Mount Glorious,Jan-23,219.28,3.15
Mount Glorious,Dec-22,262.52,2.51
Mount Glorious,Nov-22,237.78,2.43
Mount Glorious,Oct-22,232.39,2.34
Mount Glorious,Sep-22,235.49,3.02
Mount Glorious,Aug-22,232.94,2.89
Mount Glorious,Jul-22,240.54,3.03
Mount Glorious,Jun-22,246.05,2.4
Mount Glorious,May-22,256.91,1.95
Mount Glorious,Apr-22,258.63,2.3
Mount Glorious,Mar-22,264.26,2.35
Mount Glorious,Feb-22,234.45,2.08
Mount Glorious,Jan-22,262,2.32
Mount Glorious,Dec-21,250.56,2.82
Mount Glorious,Nov-21,243.77,2.28
Mount Glorious,Oct-21,249.87,2.11
Mount Glorious,Sep-21,242.35,2.42
Mount Glorious,Aug-21,242.91,2.45
Mount Glorious,Jul-21,249.46,2.18
Mount Mee,Jul-23,221.83,2.38
Mount Mee,Jun-23,238.5,2.19
Mount Mee,May-23,289.99,2.12
Mount Mee,Apr-23,291.48,2.95
Mount Mee,Mar-23,158.64,2.83
Mount Mee,Feb-23,163.54,1.86
Mount Mee,Jan-23,200.21,3.06
Mount Mee,Dec-22,215.7,2.48
Mount Mee,Nov-22,193.88,3.41
Mount Mee,Oct-22,196.62,4.89
Mount Mee,Sep-22,181.25,2.12
Mount Mee,Aug-22,189.9,2.24
Mount Mee,Jul-22,187.22,2.4
Mount Mee,Jun-22,187.46,2.63
Mount Mee,May-22,178.94,2.18
Mount Mee,Apr-22,163.76,2.36
Mount Mee,Mar-22,156.45,2.38
Mount Mee,Feb-22,143.8,1.97
Mount Mee,Jan-22,152.38,1.98
Mount Mee,Dec-21,144.37,2.37
Mount Mee,Nov-21,120.96,2.78
Mount Mee,Oct-21,129.77,2.68
Mount Mee,Sep-21,131.42,2.36
Mount Mee,Aug-21,117.16,2.46
Mount Mee,Jul-21,125.62,2.71
Mount Nebo,Jul-23,184.81,1.66
Mount Nebo,Jun-23,179.58,1.54
Mount Nebo,May-23,187.3,1.43
Mount Nebo,Apr-23,191.77,1.6
Mount Nebo,Mar-23,181.45,1.67
Mount Nebo,Feb-23,150.93,1.82
Mount Nebo,Jan-23,185.87,1.48
Mount Nebo,Dec-22,197.76,1.63
Mount Nebo,Nov-22,169.99,1.91
Mount Nebo,Oct-22,135.15,2.06
Mount Nebo,Sep-22,125.69,1.69
Mount Nebo,Aug-22,91.05,1.6
Mount Nebo,Jul-22,98.12,2.25
Mount Nebo,Jun-22,92.38,7
Mount Nebo,May-22,95.34,1.37
Mount Nebo,Apr-22,89.41,3.5
Mount Nebo,Mar-22,86.7,3
Mount Nebo,Feb-22,87.78,2.25
Mount Nebo,Jan-22,88.88,1.67
Mount Nebo,Dec-21,90.36,6.75
Mount Nebo,Nov-21,89.49,4
Mount Nebo,Oct-21,82.29,3.13
Mount Nebo,Sep-21,83.08,3.57
Mount Nebo,Aug-21,82.96,2.33
Mount Nebo,Jul-21,85.25,2.44
Mount Pleasant,Jul-23,304.31,2.26
Mount Pleasant,Jun-23,326.52,2.05
Mount Pleasant,May-23,389.34,2.33
Mount Pleasant,Apr-23,435.18,2.22
Mount Pleasant,Mar-23,401.95,1.6
Mount Pleasant,Feb-23,403.6,1.75
Mount Pleasant,Jan-23,382.32,2.5
Mount Pleasant,Dec-22,344.44,5.67
Mount Pleasant,Nov-22,269.07,9.67
Mount Pleasant,Oct-22,237.11,59.5
Mount Pleasant,Sep-22,268.18,6.13
Mount Pleasant,Aug-22,204.67,1.9
Mount Pleasant,Jul-22,376.89,7.14
Mount Pleasant,Jun-22,312.98,2.14
Mount Pleasant,May-22,209.85,4.55
Mount Pleasant,Apr-22,215.61,3.73
Mount Pleasant,Mar-22,211.6,2.63
Mount Pleasant,Feb-22,219.44,
Mount Pleasant,Jan-22,293.45,18.5
Mount Pleasant,Dec-21,305.61,1.67
Mount Pleasant,Nov-21,248.95,3.91
Mount Pleasant,Oct-21,219.24,1.78
Mount Pleasant,Sep-21,252.05,3
Mount Pleasant,Aug-21,276.15,2
Mount Pleasant,Jul-21,265.62,2.18
Mount Samson,Jul-23,395.41,2.29
Mount Samson,Jun-23,339.08,1.95
Mount Samson,May-23,348.09,1.72
Mount Samson,Apr-23,342.75,2.77
Mount Samson,Mar-23,367.12,2.22
Mount Samson,Feb-23,316.35,2.19
Mount Samson,Jan-23,373.9,12.53
Mount Samson,Dec-22,340.24,3.52
Mount Samson,Nov-22,350.93,2.8
Mount Samson,Oct-22,375.17,2.32
Mount Samson,Sep-22,328.65,2.92
Mount Samson,Aug-22,345.3,2.6
Mount Samson,Jul-22,353.23,2.5
Mount Samson,Jun-22,345.04,1.92
Mount Samson,May-22,346.1,3.59
Mount Samson,Apr-22,333.68,2.28
Mount Samson,Mar-22,305.91,2.63
Mount Samson,Feb-22,271.77,2.2
Mount Samson,Jan-22,317.19,1.93
Mount Samson,Dec-21,301.55,2.14
Mount Samson,Nov-21,212.67,8.35
Mount Samson,Oct-21,278.87,2.07
Mount Samson,Sep-21,290.86,2.36
Mount Samson,Aug-21,267.73,2
Mount Samson,Jul-21,289.83,1.49
Murrumba Downs,Jul-23,113.82,3.77
Murrumba Downs,Jun-23,90.28,4.18
Murrumba Downs,May-23,87.49,4.41
Murrumba Downs,Apr-23,93.43,3.5
Murrumba Downs,Mar-23,91.35,7.67
Murrumba Downs,Feb-23,84.77,4.86
Murrumba Downs,Jan-23,86.68,34.38
Murrumba Downs,Dec-22,88.75,3.52
Murrumba Downs,Nov-22,80.99,4.75
Murrumba Downs,Oct-22,77.57,7.48
Murrumba Downs,Sep-22,82.85,4.2
Murrumba Downs,Aug-22,80.09,14.89
Murrumba Downs,Jul-22,76.88,3.94
Murrumba Downs,Jun-22,69.59,4.82
Murrumba Downs,May-22,73.64,5.43
Murrumba Downs,Apr-22,68.13,4.1
Murrumba Downs,Mar-22,65.89,3.4
Murrumba Downs,Feb-22,83.25,4.07
Murrumba Downs,Jan-22,84.97,15.87
Murrumba Downs,Dec-21,80.66,3.75
Murrumba Downs,Nov-21,84.72,5.19
Murrumba Downs,Oct-21,83.83,4.2
Murrumba Downs,Sep-21,81.65,7.63
Murrumba Downs,Aug-21,73.66,6.63
Murrumba Downs,Jul-21,73,23.22
Narangba,Jul-23,201.95,3.67
Narangba,Jun-23,194.56,3.47
Narangba,May-23,272.6,3.62
Narangba,Apr-23,251.24,6.5
Narangba,Mar-23,330.21,7.5
Narangba,Feb-23,600.35,3
Narangba,Jan-23,506.12,13
Narangba,Dec-22,539.16,1
Narangba,Nov-22,,
Narangba,Oct-22,,
Narangba,Sep-22,,
Narangba,Aug-22,,
Narangba,Jul-22,,
Narangba,Jun-22,174.71,
Narangba,May-22,170.56,20.67
Narangba,Apr-22,214.21,10.5
Narangba,Mar-22,147.82,14.25
Narangba,Feb-22,162.63,7.17
Narangba,Jan-22,144.42,9.29
Narangba,Dec-21,179.48,9.2
Narangba,Nov-21,138.24,7.38
Narangba,Oct-21,110.59,4
Narangba,Sep-21,113.67,9
Narangba,Aug-21,100.14,20.2
Narangba,Jul-21,45.75,
Neurum,Dec-22,,
Neurum,Nov-22,,
Neurum,Oct-22,,
Neurum,Sep-22,95.59,
Neurum,Aug-22,93.07,7.8
Neurum,Jul-22,93.3,10
Neurum,Jun-22,91.46,4.67
Neurum,May-22,89.39,2.38
Neurum,Apr-22,87.4,8.75
Neurum,Mar-22,87.71,3.43
Neurum,Feb-22,89.41,1.33
Neurum,Jan-22,91.88,3.8
Neurum,Dec-21,90.59,2
Neurum,Nov-21,91.75,5.5
Neurum,Oct-21,89.18,6
Neurum,Sep-21,91.1,1.93
Neurum,Aug-21,91.92,2.6
Neurum,Jul-21,90.76,2.25
Newport,Jul-23,235.98,4.71
Newport,Jun-23,244.11,4.3
Newport,May-23,238.72,9.24
Newport,Apr-23,298.66,7.1
Newport,Mar-23,233.2,4.42
Newport,Feb-23,204.15,5.92
Newport,Jan-23,248.65,5.35
Newport,Dec-22,258.29,7.63
Newport,Nov-22,224.45,5.25
Newport,Oct-22,227.25,2.61
Newport,Sep-22,219.53,4.63
Newport,Aug-22,200.84,6.1
Newport,Jul-22,202.96,10.31
Newport,Jun-22,210.27,14.49
Newport,May-22,245.64,6.14
Newport,Apr-22,182.57,10.41
Newport,Mar-22,173.58,8.62
Newport,Feb-22,186.83,7.76
Newport,Jan-22,158.8,4.35
Newport,Dec-21,124.06,4.21
Newport,Nov-21,152.93,3.89
Newport,Oct-21,185.58,7.74
Newport,Sep-21,184.81,2.87
Newport,Aug-21,202.27,5.66
Newport,Jul-21,181.83,6.08
Ningi,Jul-23,245.45,9.2
Ningi,Jun-23,158.72,6.45
Ningi,May-23,218.35,16.18
Ningi,Apr-23,215.89,4.44
Ningi,Mar-23,220.04,5.68
Ningi,Feb-23,287.52,7.72
Ningi,Jan-23,238.7,5.17
Ningi,Dec-22,211.27,4.29
Ningi,Nov-22,173.88,4.42
Ningi,Oct-22,194.73,5.67
Ningi,Sep-22,177.31,7.31
Ningi,Aug-22,167.53,2.83
Ningi,Jul-22,154.04,5.91
Ningi,Jun-22,157.32,4.17
Ningi,May-22,152.88,3.33
Ningi,Apr-22,132.42,10.16
Ningi,Mar-22,158.07,2.53
Ningi,Feb-22,167.75,4.15
Ningi,Jan-22,169.49,4.69
Ningi,Dec-21,188.89,4.74
Ningi,Nov-21,168.29,4.85
Ningi,Oct-21,161.31,6.62
Ningi,Sep-21,212.57,4.82
Ningi,Aug-21,242.02,
Ningi,Jul-21,252.05,14.33
North Lakes,Jul-23,212.8,2.82
North Lakes,Jun-23,214.32,7.31
North Lakes,May-23,222.07,3.5
North Lakes,Apr-23,219.01,5.23
North Lakes,Mar-23,207.26,5.66
North Lakes,Feb-23,208.3,3.25
North Lakes,Jan-23,191.93,6.68
North Lakes,Dec-22,236.1,4.97
North Lakes,Nov-22,220.17,5.76
North Lakes,Oct-22,248.77,4
North Lakes,Sep-22,257.65,5.57
North Lakes,Aug-22,224.54,7.6
North Lakes,Jul-22,250.28,3.8
North Lakes,Jun-22,230.41,4.72
North Lakes,May-22,204.41,3.71
North Lakes,Apr-22,204.54,3.34
North Lakes,Mar-22,164.34,3.66
North Lakes,Feb-22,161.13,2.56
North Lakes,Jan-22,173.3,4.58
North Lakes,Dec-21,212.13,3.45
North Lakes,Nov-21,182.25,2.85
North Lakes,Oct-21,183.12,2.62
North Lakes,Sep-21,162.88,2.01
North Lakes,Aug-21,154.35,2.36
North Lakes,Jul-21,190.73,3.16
Ocean View,Jul-23,216.75,2.21
Ocean View,Jun-23,234.9,5.16
Ocean View,May-23,230.69,1.4
Ocean View,Apr-23,226.8,3.32
Ocean View,Mar-23,224.06,3.53
Ocean View,Feb-23,161.69,1.41
Ocean View,Jan-23,157.32,4.03
Ocean View,Dec-22,156.46,3.42
Ocean View,Nov-22,167.33,2.47
Ocean View,Oct-22,187.31,2.56
Ocean View,Sep-22,186.17,1.64
Ocean View,Aug-22,175.59,2
Ocean View,Jul-22,178.21,1.94
Ocean View,Jun-22,180.88,3.08
Ocean View,May-22,176.87,4.76
Ocean View,Apr-22,167.31,2.63
Ocean View,Mar-22,143.98,2.3
Ocean View,Feb-22,148.75,3.38
Ocean View,Jan-22,140.82,1.66
Ocean View,Dec-21,140.89,2.24
Ocean View,Nov-21,122.85,4.21
Ocean View,Oct-21,123.31,1.66
Ocean View,Sep-21,124.76,2.85
Ocean View,Aug-21,121.75,2.3
Ocean View,Jul-21,122.22,2.02
Petrie,Jul-23,87.88,8.6
Petrie,Jun-23,85.38,9.43
Petrie,May-23,87.91,6.32
Petrie,Apr-23,87.03,7.68
Petrie,Mar-23,86.95,6.48
Petrie,Feb-23,82.57,6.53
Petrie,Jan-23,87.43,8.65
Petrie,Dec-22,93.43,5.42
Petrie,Nov-22,97.31,7.17
Petrie,Oct-22,113.78,5.07
Petrie,Sep-22,104.03,3.44
Petrie,Aug-22,95.92,3.93
Petrie,Jul-22,96.48,11.14
Petrie,Jun-22,99.69,3.82
Petrie,May-22,92.6,10.63
Petrie,Apr-22,74.08,12
Petrie,Mar-22,76.36,
Petrie,Feb-22,77.45,64
Petrie,Jan-22,90.97,10.8
Petrie,Dec-21,82.69,8
Petrie,Nov-21,88.5,16
Petrie,Oct-21,94.57,
Petrie,Sep-21,95.81,73
Petrie,Aug-21,97.26,35
Petrie,Jul-21,99.66,
Redcliffe,Jul-23,234.56,3.57
Redcliffe,Jun-23,220.73,5.53
Redcliffe,May-23,222.74,4.03
Redcliffe,Apr-23,234.31,4.32
Redcliffe,Mar-23,222.95,4.1
Redcliffe,Feb-23,227.03,3.25
Redcliffe,Jan-23,224.63,4.74
Redcliffe,Dec-22,245.96,5.04
Redcliffe,Nov-22,234.08,3.57
Redcliffe,Oct-22,248.54,4.05
Redcliffe,Sep-22,253.4,3.17
Redcliffe,Aug-22,216.63,3.65
Redcliffe,Jul-22,218.56,5.27
Redcliffe,Jun-22,205.92,5.41
Redcliffe,May-22,197.9,9.25
Redcliffe,Apr-22,221.92,6.44
Redcliffe,Mar-22,185.5,8.44
Redcliffe,Feb-22,176.62,3.98
Redcliffe,Jan-22,220.61,4.27
Redcliffe,Dec-21,213.02,4.16
Redcliffe,Nov-21,171.39,4.46
Redcliffe,Oct-21,172.42,4.21
Redcliffe,Sep-21,168.07,3.49
Redcliffe,Aug-21,157.71,4.12
Redcliffe,Jul-21,158.66,4.43
Rocksberg,Jul-21,,
Rothwell,Jul-23,158.17,4.34
Rothwell,Jun-23,177.38,2.17
Rothwell,May-23,241.01,6.19
Rothwell,Apr-23,239.96,3.84
Rothwell,Mar-23,232.74,4.57
Rothwell,Feb-23,198.1,2.22
Rothwell,Jan-23,151.15,3
Rothwell,Dec-22,178.63,1.95
Rothwell,Nov-22,150.54,5.08
Rothwell,Oct-22,134.31,2.33
Rothwell,Sep-22,93.12,10
Rothwell,Aug-22,40.14,3.5
Rothwell,Jul-22,49.82,14.33
Rothwell,Jun-22,95.48,4.92
Rothwell,May-22,99.16,4.29
Rothwell,Apr-22,119.2,4.94
Rothwell,Mar-22,176.74,2.94
Rothwell,Feb-22,171.95,1.88
Rothwell,Jan-22,196.62,5.44
Rothwell,Dec-21,228.61,1.96
Rothwell,Nov-21,109.03,11
Rothwell,Oct-21,108.42,3.03
Rothwell,Sep-21,90.25,2.75
Rothwell,Aug-21,92.82,3.95
Rothwell,Jul-21,80.8,4.5
Rush Creek,Jul-23,176.19,3.5
Rush Creek,Jun-23,135.08,2
Rush Creek,May-23,150.34,9
Rush Creek,Apr-23,,
Rush Creek,Mar-23,183.59,
Rush Creek,Feb-23,172.08,7
Rush Creek,Jan-23,181.9,
Rush Creek,Dec-22,195.63,40
Rush Creek,Nov-22,184.15,2
Samford Valley,Jul-23,191.29,5.18
Samford Valley,Jun-23,168.62,5.93
Samford Valley,May-23,142.78,5.3
Samford Valley,Apr-23,194.9,5.65
Samford Valley,Mar-23,370.63,9.63
Samford Valley,Feb-23,247.37,4.2
Samford Valley,Jan-23,165.78,17.2
Samford Valley,Dec-22,159.04,6.18
Samford Valley,Nov-22,160.18,3.46
Samford Valley,Oct-22,144.41,4.12
Samford Valley,Sep-22,160.01,5.11
Samford Valley,Aug-22,135.11,3.73
Samford Valley,Jul-22,143.99,19.33
Samford Valley,Jun-22,162.83,3.08
Samford Valley,May-22,137.06,9.2
Samford Valley,Apr-22,135.6,4.75
Samford Valley,Mar-22,133.07,11.57
Samford Valley,Feb-22,133.68,5.14
Samford Valley,Jan-22,200.22,11.25
Samford Valley,Dec-21,234.95,4.69
Samford Valley,Nov-21,183.27,2.47
Samford Valley,Oct-21,154.29,7.29
Samford Valley,Sep-21,127.5,4.77
Samford Valley,Aug-21,105.01,2.73
Samford Valley,Jul-21,135.96,6.44
Samford Village,Jul-23,229.39,16.3
Samford Village,Jun-23,192.25,5.36
Samford Village,May-23,177.9,7
Samford Village,Apr-23,183.9,5.36
Samford Village,Mar-23,202.03,11.77
Samford Village,Feb-23,194.95,5.88
Samford Village,Jan-23,217.29,6.27
Samford Village,Dec-22,216.75,5.33
Samford Village,Nov-22,187.36,5.69
Samford Village,Oct-22,208.36,6.78
Samford Village,Sep-22,200.42,4.89
Samford Village,Aug-22,195.23,8
Samford Village,Jul-22,204.5,10.88
Samford Village,Jun-22,188.72,7.4
Samford Village,May-22,183.04,35
Samford Village,Apr-22,163.59,
Samford Village,Mar-22,167.88,2
Samford Village,Feb-22,183.54,4
Samford Village,Jan-22,188.68,6.17
Samford Village,Dec-21,186.07,1.83
Samford Village,Nov-21,174.79,48.8
Samford Village,Oct-21,186.51,1.53
Samford Village,Sep-21,186.92,14
Samford Village,Aug-21,187.07,25
Samford Village,Jul-21,191.91,17
Samsonvale,Jul-23,189.9,4.62
Samsonvale,Jun-23,193.8,4.67
Samsonvale,May-23,195.22,8.29
Samsonvale,Apr-23,164.8,8.22
Samsonvale,Mar-23,167.3,4.55
Samsonvale,Feb-23,124.89,2
Samsonvale,Jan-23,168.54,2.27
Samsonvale,Dec-22,163.24,5.06
Samsonvale,Nov-22,106.01,2.14
Samsonvale,Oct-22,124.83,1.57
Samsonvale,Sep-22,200.92,2.1
Samsonvale,Aug-22,191.03,1.86
Samsonvale,Jul-22,143.21,2.67
Samsonvale,Jun-22,148.29,3.8
Samsonvale,May-22,117.04,8.09
Samsonvale,Apr-22,134.82,3.5
Samsonvale,Mar-22,134.21,10.33
Samsonvale,Feb-22,140.34,
Samsonvale,Jan-22,134.95,28.4
Samsonvale,Dec-21,134.44,4.1
Samsonvale,Nov-21,133.48,1.75
Samsonvale,Oct-21,129.91,1.83
Samsonvale,Sep-21,124.68,1.57
Samsonvale,Aug-21,130.21,1
Samsonvale,Jul-21,146.72,1.67
Sandstone Point,Jul-23,349.76,4.68
Sandstone Point,Jun-23,366.02,5.2
Sandstone Point,May-23,378.37,3.56
Sandstone Point,Apr-23,366.51,2.67
Sandstone Point,Mar-23,320.61,3.82
Sandstone Point,Feb-23,351.29,8.49
Sandstone Point,Jan-23,341.47,6.88
Sandstone Point,Dec-22,353.98,3.7
Sandstone Point,Nov-22,335.88,3.16
Sandstone Point,Oct-22,317.21,3.69
Sandstone Point,Sep-22,341.27,4.97
Sandstone Point,Aug-22,296.89,6.76
Sandstone Point,Jul-22,322.15,6.86
Sandstone Point,Jun-22,317.06,6.25
Sandstone Point,May-22,307.62,7.24
Sandstone Point,Apr-22,348.35,4.39
Sandstone Point,Mar-22,301.72,4.76
Sandstone Point,Feb-22,349.46,2.5
Sandstone Point,Jan-22,358.25,6.96
Sandstone Point,Dec-21,396.91,5.09
Sandstone Point,Nov-21,344.86,7.9
Sandstone Point,Oct-21,321.44,2.47
Sandstone Point,Sep-21,348.39,3.29
Sandstone Point,Aug-21,289.81,4.79
Sandstone Point,Jul-21,278.21,6.44
Scarborough,Jul-23,261.32,4.74
Scarborough,Jun-23,250.73,5.29
Scarborough,May-23,249.19,5.14
Scarborough,Apr-23,265.62,6.09
Scarborough,Mar-23,282.8,6.51
Scarborough,Feb-23,267.32,5.58
Scarborough,Jan-23,259.65,4.9
Scarborough,Dec-22,265.69,4.19
Scarborough,Nov-22,254.07,8.88
Scarborough,Oct-22,292.42,8.17
Scarborough,Sep-22,290.28,8.59
Scarborough,Aug-22,253.25,10.06
Scarborough,Jul-22,246.47,6.64
Scarborough,Jun-22,226.43,6.42
Scarborough,May-22,200.66,7.13
Scarborough,Apr-22,220.91,9.39
Scarborough,Mar-22,187.96,7.4
Scarborough,Feb-22,198.33,6.38
Scarborough,Jan-22,263.2,9.13
Scarborough,Dec-21,274.5,5.81
Scarborough,Nov-21,196.84,9.05
Scarborough,Oct-21,184.64,8.67
Scarborough,Sep-21,197.46,8.19
Scarborough,Aug-21,188.76,9.27
Scarborough,Jul-21,180.93,7.02
Stanmore,Jul-23,123.13,3.2
Stanmore,Jun-23,121.95,1
Stanmore,May-23,154.96,1
Stanmore,Apr-23,129.68,1
Stanmore,Mar-23,,
Stanmore,Feb-23,,
Stanmore,Jan-23,151.25,2
Stanmore,Dec-22,150.62,3
Strathpine,Jul-23,172.04,4.3
Strathpine,Jun-23,143.69,4.36
Strathpine,May-23,141.49,7.11
Strathpine,Apr-23,138.26,5.46
Strathpine,Mar-23,121.82,4.7
Strathpine,Feb-23,133.26,4.44
Strathpine,Jan-23,125.95,5.91
Strathpine,Dec-22,124.77,4.18
Strathpine,Nov-22,115.35,4.36
Strathpine,Oct-22,140.65,3.53
Strathpine,Sep-22,129.7,3.25
Strathpine,Aug-22,132.28,6.02
Strathpine,Jul-22,125.82,5.02
Strathpine,Jun-22,128.16,4.22
Strathpine,May-22,139.28,4.22
Strathpine,Apr-22,97.99,4.19
Strathpine,Mar-22,78.59,9.32
Strathpine,Feb-22,88.42,11.75
Strathpine,Jan-22,81.28,3.6
Strathpine,Dec-21,88.95,3.33
Strathpine,Nov-21,92.01,7.47
Strathpine,Oct-21,81.16,4.78
Strathpine,Sep-21,66.83,4.23
Strathpine,Aug-21,62.63,8.62
Strathpine,Jul-21,77.61,5.53
Toorbul,Jul-23,152.62,10.53
Toorbul,Jun-23,147.81,19.07
Toorbul,May-23,156.84,7.42
Toorbul,Apr-23,172.9,5.15
Toorbul,Mar-23,204.47,5.25
Toorbul,Feb-23,173.14,15
Toorbul,Jan-23,199.83,7.91
Toorbul,Dec-22,170.53,6.29
Toorbul,Nov-22,165.04,4.53
Toorbul,Oct-22,174.75,9.72
Toorbul,Sep-22,188,5.6
Toorbul,Aug-22,176.96,7.8
Toorbul,Jul-22,124.55,21.5
Toorbul,Jun-22,108.92,6
Toorbul,May-22,127.17,10.22
Toorbul,Apr-22,116.41,7.7
Toorbul,Mar-22,109.8,15.11
Toorbul,Feb-22,112.16,11.45
Toorbul,Jan-22,130.07,6.33
Toorbul,Dec-21,143.74,2.72
Toorbul,Nov-21,128.28,5.44
Toorbul,Oct-21,121.21,9.18
Toorbul,Sep-21,120.37,2.76
Toorbul,Aug-21,112.35,2.4
Toorbul,Jul-21,115.62,8.17
Upper Caboolture,May-23,,
Wamuran,Jul-23,150.42,1.69
Wamuran,Jun-23,144.74,2.11
Wamuran,May-23,144.24,2.52
Wamuran,Apr-23,145.33,1.95
Wamuran,Mar-23,143.8,1.5
Wamuran,Feb-23,140.71,1.64
Wamuran,Jan-23,131.82,1.96
Wamuran,Dec-22,120.38,2.22
Wamuran,Nov-22,120.23,2.52
Wamuran,Oct-22,130.36,2.38
Wamuran,Sep-22,138.06,1.62
Wamuran,Aug-22,124.96,1.36
Wamuran,Jul-22,132.73,1.64
Wamuran,Jun-22,126.07,2.07
Wamuran,May-22,101.23,2
Wamuran,Apr-22,98.93,2.57
Wamuran,Mar-22,98.56,2.14
Wamuran,Feb-22,98.27,1.58
Wamuran,Jan-22,99.53,2.5
Wamuran,Dec-21,99.84,5
Wamuran,Nov-21,96.96,3
Wamuran,Oct-21,96.33,4.13
Wamuran,Sep-21,97.29,2.3
Wamuran,Aug-21,97.32,1.5
Wamuran,Jul-21,97.47,2.67
Wamuran Basin,Jan-22,,
Wamuran Basin,Dec-21,,
Wamuran Basin,Nov-21,,
Wamuran Basin,Oct-21,,
Wamuran Basin,Sep-21,,
Wamuran Basin,Aug-21,,
Wamuran Basin,Jul-21,,
Warner,Jul-23,140.46,10.88
Warner,Jun-23,137.74,3
Warner,May-23,150.22,5.5
Warner,Apr-23,127.29,5.78
Warner,Mar-23,155.17,8.22
Warner,Feb-23,126.79,4.2
Warner,Jan-23,136.45,9.08
Warner,Dec-22,148.41,7.17
Warner,Nov-22,124.2,8
Warner,Oct-22,132.3,7.8
Warner,Sep-22,124.58,4.82
Warner,Aug-22,126.69,7.7
Warner,Jul-22,131.59,9.92
Warner,Jun-22,109.61,5.7
Warner,May-22,105.61,4.5
Warner,Apr-22,98.46,5
Warner,Mar-22,99.75,10.5
Warner,Feb-22,108.56,8
Warner,Jan-22,124.52,19.33
Warner,Dec-21,122.19,4
Warner,Nov-21,80.88,20.5
Warner,Oct-21,75.23,3
Warner,Sep-21,109.73,5
Warner,Aug-21,91.99,6.5
Warner,Jul-21,99.78,10.83
Welsby,Jul-23,393.39,2.17
Welsby,Jun-23,424.4,1.14
Welsby,May-23,372.28,1.5
Welsby,Apr-23,428.54,1.89
Welsby,Mar-23,560.37,1
White Patch,Jul-23,115.82,2.24
White Patch,Jun-23,152.9,1
White Patch,May-23,132.63,1.76
White Patch,Apr-23,135.84,1.59
White Patch,Mar-23,135.61,1.54
White Patch,Feb-23,139.93,1.41
White Patch,Jan-23,336.38,1.65
White Patch,Dec-22,332.08,4.05
White Patch,Nov-22,110.89,4.15
White Patch,Oct-22,187.55,1.25
White Patch,Sep-22,139.72,6.08
White Patch,Aug-22,93.68,1.33
White Patch,Jul-22,,
White Patch,Jun-22,,
White Patch,May-22,250.9,3.5
White Patch,Apr-22,429.06,6.75
White Patch,Mar-22,310.97,3
White Patch,Feb-22,337.66,6.13
White Patch,Jan-22,337.66,6.29
White Patch,Dec-21,425.69,2
White Patch,Nov-21,337.23,2.25
White Patch,Oct-21,460.72,3.4
White Patch,Sep-21,327.73,2.5
White Patch,Aug-21,489.41,3
White Patch,Jul-21,456.28,2.83
Whiteside,Apr-23,,
Whiteside,Dec-22,,
Whiteside,Nov-22,,
Wights Mountain,Jul-23,161.34,2.52
Wights Mountain,Jun-23,158.48,1.92
Wights Mountain,May-23,147.52,2.71
Wights Mountain,Apr-23,149.9,2.75
Wights Mountain,Mar-23,146.4,2.71
Wights Mountain,Feb-23,146.77,7.67
Wights Mountain,Jan-23,137.11,4.75
Wights Mountain,Dec-22,151.57,2.67
Wights Mountain,Nov-22,136.05,
Wights Mountain,Oct-22,136.76,11.25
Wights Mountain,Sep-22,132.64,3.86
Wights Mountain,Aug-22,127.61,2.6
Wights Mountain,Jul-22,132.58,2.78
Wights Mountain,Jun-22,129.28,2.67
Wights Mountain,May-22,139.91,3
Wights Mountain,Apr-22,103.7,5.3
Wights Mountain,Mar-22,95.32,2.7
Wights Mountain,Feb-22,104.71,4.83
Wights Mountain,Jan-22,110.02,3.38
Wights Mountain,Dec-21,116.33,2.77
Wights Mountain,Nov-21,107.66,3.92
Wights Mountain,Oct-21,91.12,2.33
Wights Mountain,Sep-21,89.03,3.77
Wights Mountain,Aug-21,90.04,3.4
Wights Mountain,Jul-21,87.77,2.16
Woodford,Jul-23,143.58,3.57
Woodford,Jun-23,148.49,2.08
Woodford,May-23,141.17,2.59
Woodford,Apr-23,137.56,2.3
Woodford,Mar-23,131.47,2.48
Woodford,Feb-23,140.82,2.03
Woodford,Jan-23,152.78,3.05
Woodford,Dec-22,160.34,3.46
Woodford,Nov-22,149.11,2.4
Woodford,Oct-22,153.75,2.61
Woodford,Sep-22,151.62,2.27
Woodford,Aug-22,162.08,3.33
Woodford,Jul-22,158.02,1.81
Woodford,Jun-22,159.28,7
Woodford,May-22,130.29,1.69
Woodford,Apr-22,106.17,2.38
Woodford,Mar-22,135.06,2.13
Woodford,Feb-22,146.7,1.21
Woodford,Jan-22,152.17,1.32
Woodford,Dec-21,159.02,4.72
Woodford,Nov-21,149.48,2.69
Woodford,Oct-21,144.92,1.88
Woodford,Sep-21,127.97,2.7
Woodford,Aug-21,130.74,1.29
Woodford,Jul-21,123.59,1.42
Woody Point,Jul-23,185.91,7.02
Woody Point,Jun-23,187.89,5.16
Woody Point,May-23,209.95,7.86
Woody Point,Apr-23,202.56,6.08
Woody Point,Mar-23,184.65,3.86
Woody Point,Feb-23,188.19,6.45
Woody Point,Jan-23,210.04,5.21
Woody Point,Dec-22,224.43,4.66
Woody Point,Nov-22,204.78,4.58
Woody Point,Oct-22,221.79,6.74
Woody Point,Sep-22,228.76,6.7
Woody Point,Aug-22,203.23,6.16
Woody Point,Jul-22,196.13,31.65
Woody Point,Jun-22,202.55,36.81
Woody Point,May-22,176.95,6.52
Woody Point,Apr-22,186.75,8.2
Woody Point,Mar-22,179.75,7.63
Woody Point,Feb-22,167.02,6.26
Woody Point,Jan-22,219.33,5.67
Woody Point,Dec-21,228.06,4.21
Woody Point,Nov-21,143.68,8.88
Woody Point,Oct-21,148.58,6.72
Woody Point,Sep-21,126.08,5.59
Woody Point,Aug-21,129.47,13.02
Woody Point,Jul-21,124.22,6.47
Woorim,Jul-23,250.59,7.25
Woorim,Jun-23,260.76,5.74
Woorim,May-23,251.21,8.79
Woorim,Apr-23,310.99,3.57
Woorim,Mar-23,248.48,3.75
Woorim,Feb-23,246.77,4.17
Woorim,Jan-23,301.35,3.95
Woorim,Dec-22,327.96,4.2
Woorim,Nov-22,241.99,3.6
Woorim,Oct-22,240.88,4.36
Woorim,Sep-22,268.46,4.47
Woorim,Aug-22,207.01,4.31
Woorim,Jul-22,227.29,5.47
Woorim,Jun-22,213.2,6.79
Woorim,May-22,198.93,8.79
Woorim,Apr-22,250.95,4.52
Woorim,Mar-22,190.44,4.24
Woorim,Feb-22,212.54,5.11
Woorim,Jan-22,275.35,5.28
Woorim,Dec-21,290.2,4.56
Woorim,Nov-21,200.77,4.34
Woorim,Oct-21,201.4,4.24
Woorim,Sep-21,217.4,4.99
Woorim,Aug-21,184.16,4.96
Woorim,Jul-21,212.29,5.66
Yugar,Jul-23,113.87,
Yugar,Jun-23,114.46,
Yugar,May-23,114.88,34
Yugar,Apr-23,122.38,
Yugar,Mar-23,120.65,16.25
Yugar,Feb-23,115.18,9.5
Yugar,Jan-23,108.66,8
Yugar,Oct-22,118.98,5
Yugar,Sep-22,,
Yugar,Jul-22,124.41,
Yugar,Jun-22,116.17,47
Yugar,Feb-22,,
Yugar,Nov-21,144.19,2.75
Yugar,Oct-21,118.76,30
Yugar,Sep-21,109.19,6.75
Yugar,Aug-21,109.16,5.75
Yugar,Jul-21,111.05,3.67
All,Jul-23,216.8256627,5.400987654
All,Jun-23,210.5596341,4.86525
All,May-23,210.6296386,5.588148148
All,Apr-23,220.0133333,5.678625
All,Mar-23,211.7610256,5.144210526
All,Feb-23,207.2407792,5.105733333
All,Jan-23,208.1542857,6.6448
All,Dec-22,217.7106667,5.588666667
All,Nov-22,189.1189041,4.457916667
All,Oct-22,200.1331944,5.393611111
All,Sep-22,206.7805479,4.183055556
All,Aug-22,189.2849315,5.140684932
All,Jul-22,194.1072857,6.15942029
All,Jun-22,188.1901429,6.876376812
All,May-22,174.9317391,5.782173913
All,Apr-22,179.8283099,4.713676471
All,Mar-22,168.7818571,5.904782609
All,Feb-22,171.3551429,5.548529412
All,Jan-22,188.1428571,6.197
All,Dec-21,194.2469014,4.308428571
All,Nov-21,170.4733333,6.494084507
All,Oct-21,165.9190278,5.047323944
All,Sep-21,165.85125,5.449285714
All,Aug-21,163.6349296,6.427857143
All,Jul-21,163.6752113,5.704782609
