Suburb,Month of Dates,Occupancy Percent
Albany Creek,Jul-23,79.57
Albany Creek,Jun-23,83.33
Albany Creek,May-23,91.11
Albany Creek,Apr-23,92.59
Albany Creek,Mar-23,94.67
Albany Creek,Feb-23,97.14
Albany Creek,Jan-23,88.61
Albany Creek,Dec-22,85.13
Albany Creek,Nov-22,95.27
Albany Creek,Oct-22,91.62
Albany Creek,Sep-22,91.08
Albany Creek,Aug-22,93.84
Albany Creek,Jul-22,91.61
Albany Creek,Jun-22,71.13
Albany Creek,May-22,66.67
Albany Creek,Apr-22,61.54
Albany Creek,Mar-22,55.04
Albany Creek,Feb-22,78.86
Albany Creek,Jan-22,91.6
Albany Creek,Dec-21,75.48
Albany Creek,Nov-21,81.54
Albany Creek,Oct-21,75.53
Albany Creek,Sep-21,70
Albany Creek,Aug-21,74.19
Albany Creek,Jul-21,69.75
Arana Hills,Jul-23,64.21
Arana Hills,Jun-23,47.3
Arana Hills,May-23,59.09
Arana Hills,Apr-23,81.71
Arana Hills,Mar-23,82.09
Arana Hills,Feb-23,66.67
Arana Hills,Jan-23,45.92
Arana Hills,Dec-22,57.14
Arana Hills,Nov-22,23.08
Arana Hills,Oct-22,0
Arana Hills,Sep-22,0
Arana Hills,Aug-22,0
Arana Hills,Jul-22,0
Arana Hills,Jun-22,0
Arana Hills,May-22,0
Arana Hills,Apr-22,10
Arana Hills,Mar-22,71.15
Arana Hills,Feb-22,100
Arana Hills,Jan-22,85.29
Arana Hills,Dec-21,95
Arana Hills,Nov-21,60.53
Arana Hills,Oct-21,31.03
Arana Hills,Sep-21,34.67
Arana Hills,Aug-21,26.88
Arana Hills,Jul-21,44.09
Armstrong Creek,Jul-23,38.71
Armstrong Creek,Jun-23,25
Armstrong Creek,May-23,30.65
Armstrong Creek,Apr-23,31.67
Armstrong Creek,Mar-23,40.32
Armstrong Creek,Feb-23,21.43
Armstrong Creek,Jan-23,43.55
Armstrong Creek,Dec-22,13.24
Armstrong Creek,Nov-22,20
Armstrong Creek,Oct-22,20.16
Armstrong Creek,Sep-22,25.83
Armstrong Creek,Aug-22,30.65
Armstrong Creek,Jul-22,30.65
Armstrong Creek,Jun-22,21.67
Armstrong Creek,May-22,18.55
Armstrong Creek,Apr-22,25
Armstrong Creek,Mar-22,20.16
Armstrong Creek,Feb-22,21.43
Armstrong Creek,Jan-22,23.39
Armstrong Creek,Dec-21,24.11
Armstrong Creek,Nov-21,43.33
Armstrong Creek,Oct-21,59.68
Armstrong Creek,Sep-21,48.33
Armstrong Creek,Aug-21,52.94
Armstrong Creek,Jul-21,29.03
Banksia Beach,Jul-23,62.07
Banksia Beach,Jun-23,52.1
Banksia Beach,May-23,43.23
Banksia Beach,Apr-23,65.81
Banksia Beach,Mar-23,61.11
Banksia Beach,Feb-23,59.23
Banksia Beach,Jan-23,64.88
Banksia Beach,Dec-22,59.16
Banksia Beach,Nov-22,60.66
Banksia Beach,Oct-22,66.94
Banksia Beach,Sep-22,66.29
Banksia Beach,Aug-22,65.48
Banksia Beach,Jul-22,62.8
Banksia Beach,Jun-22,63.2
Banksia Beach,May-22,64.47
Banksia Beach,Apr-22,71.61
Banksia Beach,Mar-22,63.29
Banksia Beach,Feb-22,58.67
Banksia Beach,Jan-22,74.88
Banksia Beach,Dec-21,67.86
Banksia Beach,Nov-21,64.81
Banksia Beach,Oct-21,61.7
Banksia Beach,Sep-21,60.91
Banksia Beach,Aug-21,45.21
Banksia Beach,Jul-21,59.87
Beachmere,Jul-23,52.95
Beachmere,Jun-23,57.67
Beachmere,May-23,51.12
Beachmere,Apr-23,55.86
Beachmere,Mar-23,49.45
Beachmere,Feb-23,57.43
Beachmere,Jan-23,51.99
Beachmere,Dec-22,38.43
Beachmere,Nov-22,43.74
Beachmere,Oct-22,49.76
Beachmere,Sep-22,53.4
Beachmere,Aug-22,50.25
Beachmere,Jul-22,51.06
Beachmere,Jun-22,57.72
Beachmere,May-22,52.45
Beachmere,Apr-22,60.85
Beachmere,Mar-22,53.56
Beachmere,Feb-22,55.43
Beachmere,Jan-22,75.62
Beachmere,Dec-21,64.07
Beachmere,Nov-21,61.59
Beachmere,Oct-21,55.17
Beachmere,Sep-21,62.44
Beachmere,Aug-21,38.58
Beachmere,Jul-21,54.34
Bellara,Jul-23,56.72
Bellara,Jun-23,56.42
Bellara,May-23,37.27
Bellara,Apr-23,49.31
Bellara,Mar-23,46.25
Bellara,Feb-23,42.99
Bellara,Jan-23,51.21
Bellara,Dec-22,61.72
Bellara,Nov-22,69.87
Bellara,Oct-22,70.34
Bellara,Sep-22,71.49
Bellara,Aug-22,71.88
Bellara,Jul-22,78.5
Bellara,Jun-22,67.48
Bellara,May-22,63.01
Bellara,Apr-22,72.81
Bellara,Mar-22,66.62
Bellara,Feb-22,61.12
Bellara,Jan-22,72.34
Bellara,Dec-21,63.99
Bellara,Nov-21,59.59
Bellara,Oct-21,63.06
Bellara,Sep-21,61.31
Bellara,Aug-21,46.88
Bellara,Jul-21,49.37
Bellmere,Jul-23,56.45
Bellmere,Jun-23,55.15
Bellmere,May-23,39.75
Bellmere,Apr-23,62.22
Bellmere,Mar-23,62.37
Bellmere,Feb-23,48.61
Bellmere,Jan-23,31.63
Bellmere,Dec-22,46.19
Bellmere,Nov-22,48.54
Bellmere,Oct-22,41.78
Bellmere,Sep-22,44.17
Bellmere,Aug-22,55.73
Bellmere,Jul-22,61.94
Bellmere,Jun-22,72
Bellmere,May-22,67.74
Bellmere,Apr-22,49.44
Bellmere,Mar-22,47.85
Bellmere,Feb-22,30.71
Bellmere,Jan-22,45.86
Bellmere,Dec-21,39.49
Bellmere,Nov-21,66.67
Bellmere,Oct-21,55.38
Bellmere,Sep-21,66.67
Bellmere,Aug-21,56.45
Bellmere,Jul-21,58.89
Bellthorpe,Jul-23,71.7
Bellthorpe,Jun-23,61.58
Bellthorpe,May-23,72.58
Bellthorpe,Apr-23,81.36
Bellthorpe,Mar-23,82.21
Bellthorpe,Feb-23,69.29
Bellthorpe,Jan-23,69.68
Bellthorpe,Dec-22,76.77
Bellthorpe,Nov-22,73.33
Bellthorpe,Oct-22,75.48
Bellthorpe,Sep-22,88
Bellthorpe,Aug-22,74.84
Bellthorpe,Jul-22,87.1
Bellthorpe,Jun-22,88
Bellthorpe,May-22,87.1
Bellthorpe,Apr-22,94.67
Bellthorpe,Mar-22,81.88
Bellthorpe,Feb-22,97.02
Bellthorpe,Jan-22,88.71
Bellthorpe,Dec-21,85.48
Bellthorpe,Nov-21,93.33
Bellthorpe,Oct-21,85.48
Bellthorpe,Sep-21,91.67
Bellthorpe,Aug-21,86.56
Bellthorpe,Jul-21,65.73
Bongaree,Jul-23,59.48
Bongaree,Jun-23,51.55
Bongaree,May-23,41.19
Bongaree,Apr-23,46.66
Bongaree,Mar-23,42.1
Bongaree,Feb-23,42.53
Bongaree,Jan-23,53.95
Bongaree,Dec-22,56.22
Bongaree,Nov-22,64.98
Bongaree,Oct-22,66.54
Bongaree,Sep-22,67.9
Bongaree,Aug-22,61.81
Bongaree,Jul-22,65.9
Bongaree,Jun-22,55.87
Bongaree,May-22,53
Bongaree,Apr-22,62.72
Bongaree,Mar-22,59.12
Bongaree,Feb-22,56.48
Bongaree,Jan-22,68.64
Bongaree,Dec-21,66.01
Bongaree,Nov-21,61.91
Bongaree,Oct-21,67.67
Bongaree,Sep-21,64.08
Bongaree,Aug-21,57.12
Bongaree,Jul-21,59.43
Booroobin,Jul-23,63.86
Booroobin,Jun-23,59.41
Booroobin,May-23,45.87
Booroobin,Apr-23,58.84
Booroobin,Mar-23,47.04
Booroobin,Feb-23,36.23
Booroobin,Jan-23,52.12
Booroobin,Dec-22,58.08
Booroobin,Nov-22,49.39
Booroobin,Oct-22,53.58
Booroobin,Sep-22,69.96
Booroobin,Aug-22,65.69
Booroobin,Jul-22,77.97
Booroobin,Jun-22,73.65
Booroobin,May-22,67.45
Booroobin,Apr-22,71.37
Booroobin,Mar-22,59.38
Booroobin,Feb-22,58.85
Booroobin,Jan-22,75
Booroobin,Dec-21,80.34
Booroobin,Nov-21,62.21
Booroobin,Oct-21,74.63
Booroobin,Sep-21,67.48
Booroobin,Aug-21,66.07
Booroobin,Jul-21,80.47
Bray Park,Jul-23,56.97
Bray Park,Jun-23,63.89
Bray Park,May-23,62.37
Bray Park,Apr-23,66.67
Bray Park,Mar-23,81.18
Bray Park,Feb-23,78.57
Bray Park,Jan-23,66.45
Bray Park,Dec-22,83.87
Bray Park,Nov-22,93.33
Bray Park,Oct-22,90.4
Bray Park,Sep-22,78.33
Bray Park,Aug-22,67.44
Bray Park,Jul-22,70
Bray Park,Jun-22,87.5
Bray Park,May-22,83.33
Bray Park,Apr-22,98.33
Bray Park,Mar-22,83.05
Bray Park,Feb-22,67.86
Bray Park,Jan-22,78.49
Bray Park,Dec-21,78.49
Bray Park,Nov-21,89.39
Bray Park,Oct-21,96.88
Bray Park,Sep-21,44.44
Bray Park,Aug-21,66.67
Bray Park,Jul-21,64.52
Brendale,Jul-23,6.99
Brendale,Jun-23,0
Brendale,May-23,3.23
Brendale,Apr-23,9.44
Brendale,Mar-23,5.38
Brendale,Feb-23,7.74
Brendale,Jan-23,2.69
Brendale,Dec-22,1.08
Brendale,Nov-22,6.67
Brendale,Oct-22,12.9
Brendale,Sep-22,7.69
Brendale,Aug-22,1.29
Brendale,Jul-22,0
Brendale,Jun-22,0
Brendale,May-22,0
Brendale,Apr-22,0
Brendale,Mar-22,0
Brendale,Feb-22,0
Brendale,Jan-22,0
Brendale,Dec-21,0
Brendale,Nov-21,0
Brendale,Oct-21,0
Brendale,Sep-21,0
Brendale,Aug-21,0
Brendale,Jul-21,0
Bunya,Jul-23,71.95
Bunya,Jun-23,79.31
Bunya,May-23,79.03
Bunya,Apr-23,73.33
Bunya,Mar-23,74.58
Bunya,Feb-23,90.24
Bunya,Jan-23,51.52
Bunya,Dec-22,96.77
Bunya,Nov-22,93.33
Bunya,Oct-22,93.55
Bunya,Sep-22,93.33
Bunya,Aug-22,96.77
Bunya,Jul-22,100
Bunya,Jun-22,100
Bunya,May-22,80.65
Bunya,Apr-22,100
Bunya,Mar-22,100
Bunya,Feb-22,97.3
Bunya,Jan-22,100
Bunya,Dec-21,100
Bunya,Nov-21,100
Bunya,Oct-21,100
Bunya,Sep-21,100
Bunya,Aug-21,100
Bunya,Jul-21,100
Burpengary,Jul-23,50.72
Burpengary,Jun-23,63.3
Burpengary,May-23,59.4
Burpengary,Apr-23,86.61
Burpengary,Mar-23,77.42
Burpengary,Feb-23,77.23
Burpengary,Jan-23,78.54
Burpengary,Dec-22,96.38
Burpengary,Nov-22,97.62
Burpengary,Oct-22,89.78
Burpengary,Sep-22,80.69
Burpengary,Aug-22,76.21
Burpengary,Jul-22,73.89
Burpengary,Jun-22,53.58
Burpengary,May-22,45.79
Burpengary,Apr-22,54.3
Burpengary,Mar-22,45.41
Burpengary,Feb-22,60.2
Burpengary,Jan-22,57.6
Burpengary,Dec-21,57.6
Burpengary,Nov-21,64.79
Burpengary,Oct-21,64.52
Burpengary,Sep-21,57.62
Burpengary,Aug-21,63.59
Burpengary,Jul-21,81.57
Burpengary East,Jul-23,58.99
Burpengary East,Jun-23,55.74
Burpengary East,May-23,36.9
Burpengary East,Apr-23,37.04
Burpengary East,Mar-23,41.76
Burpengary East,Feb-23,39.32
Burpengary East,Jan-23,38.85
Burpengary East,Dec-22,28.46
Burpengary East,Nov-22,33.98
Burpengary East,Oct-22,50.54
Burpengary East,Sep-22,52.22
Burpengary East,Aug-22,50.54
Burpengary East,Jul-22,52.56
Burpengary East,Jun-22,30.61
Burpengary East,May-22,0
Burpengary East,Apr-22,10
Burpengary East,Mar-22,9.68
Burpengary East,Feb-22,17.86
Burpengary East,Jan-22,32.26
Burpengary East,Dec-21,22.58
Burpengary East,Nov-21,13.33
Burpengary East,Oct-21,48.39
Burpengary East,Sep-21,13.04
Burpengary East,Aug-21,0
Burpengary East,Jul-21,30.23
Caboolture,Jul-23,57.69
Caboolture,Jun-23,58.11
Caboolture,May-23,47.03
Caboolture,Apr-23,58.03
Caboolture,Mar-23,60.8
Caboolture,Feb-23,59.22
Caboolture,Jan-23,60.09
Caboolture,Dec-22,60.07
Caboolture,Nov-22,45.45
Caboolture,Oct-22,63.99
Caboolture,Sep-22,58.02
Caboolture,Aug-22,61.62
Caboolture,Jul-22,64.59
Caboolture,Jun-22,61.02
Caboolture,May-22,58.56
Caboolture,Apr-22,59.52
Caboolture,Mar-22,49.31
Caboolture,Feb-22,49.5
Caboolture,Jan-22,59.68
Caboolture,Dec-21,52.35
Caboolture,Nov-21,53.61
Caboolture,Oct-21,62.07
Caboolture,Sep-21,64.17
Caboolture,Aug-21,58.81
Caboolture,Jul-21,69.53
Caboolture South,Jul-23,59.89
Caboolture South,Jun-23,73.13
Caboolture South,May-23,49.68
Caboolture South,Apr-23,62.67
Caboolture South,Mar-23,49.65
Caboolture South,Feb-23,72.62
Caboolture South,Jan-23,52.75
Caboolture South,Dec-22,72.86
Caboolture South,Nov-22,51.43
Caboolture South,Oct-22,62.9
Caboolture South,Sep-22,73.68
Caboolture South,Aug-22,12.9
Caboolture South,Jul-22,75
Caboolture South,Jun-22,86.67
Caboolture South,May-22,8.11
Caboolture South,Apr-22,0
Caboolture South,Mar-22,0
Caboolture South,Feb-22,0
Caboolture South,Jan-22,0
Caboolture South,Dec-21,100
Caboolture South,Nov-21,100
Caboolture South,Oct-21,88.57
Caboolture South,Sep-21,33.33
Caboolture South,Aug-21,33.33
Caboolture South,Jul-21,33.33
Camp Mountain,Jul-23,74.47
Camp Mountain,Jun-23,49.15
Camp Mountain,May-23,60.48
Camp Mountain,Apr-23,65.83
Camp Mountain,Mar-23,58.87
Camp Mountain,Feb-23,52.68
Camp Mountain,Jan-23,54.03
Camp Mountain,Dec-22,81.55
Camp Mountain,Nov-22,76.67
Camp Mountain,Oct-22,67.59
Camp Mountain,Sep-22,60
Camp Mountain,Aug-22,59.68
Camp Mountain,Jul-22,56.56
Camp Mountain,Jun-22,58.33
Camp Mountain,May-22,42.74
Camp Mountain,Apr-22,40
Camp Mountain,Mar-22,50.81
Camp Mountain,Feb-22,77.98
Camp Mountain,Jan-22,83.74
Camp Mountain,Dec-21,89.17
Camp Mountain,Nov-21,81.67
Camp Mountain,Oct-21,76.61
Camp Mountain,Sep-21,64.17
Camp Mountain,Aug-21,69.35
Camp Mountain,Jul-21,80.31
Cashmere,Jul-23,68.72
Cashmere,Jun-23,59.04
Cashmere,May-23,41.4
Cashmere,Apr-23,67.02
Cashmere,Mar-23,64.46
Cashmere,Feb-23,62.86
Cashmere,Jan-23,75.2
Cashmere,Dec-22,69
Cashmere,Nov-22,67.57
Cashmere,Oct-22,62.9
Cashmere,Sep-22,60
Cashmere,Aug-22,93.55
Cashmere,Jul-22,91.94
Cashmere,Jun-22,98.33
Cashmere,May-22,85.48
Cashmere,Apr-22,81.67
Cashmere,Mar-22,88.71
Cashmere,Feb-22,94.64
Cashmere,Jan-22,79.03
Cashmere,Dec-21,82.26
Cashmere,Nov-21,70
Cashmere,Oct-21,56.45
Cashmere,Sep-21,58.33
Cashmere,Aug-21,79.03
Cashmere,Jul-21,78.33
Cedar Creek,Jul-23,100
Cedar Creek,Jun-23,100
Cedar Creek,May-23,100
Cedar Creek,Apr-23,93.33
Cedar Creek,Mar-23,100
Cedar Creek,Feb-23,100
Cedar Creek,Jan-23,100
Cedar Creek,Dec-22,100
Cedar Creek,Nov-22,80
Cedar Creek,Oct-22,93.55
Cedar Creek,Sep-22,100
Cedar Creek,Aug-22,95.45
Clear Mountain,Jul-23,80.52
Clear Mountain,Jun-23,82.83
Clear Mountain,May-23,79.57
Clear Mountain,Apr-23,93.33
Clear Mountain,Mar-23,68.82
Clear Mountain,Feb-23,86.9
Clear Mountain,Jan-23,88.17
Clear Mountain,Dec-22,93.33
Clear Mountain,Nov-22,77.53
Clear Mountain,Oct-22,90.24
Clear Mountain,Sep-22,83.72
Clear Mountain,Aug-22,76.92
Clear Mountain,Jul-22,87.37
Clear Mountain,Jun-22,87.72
Clear Mountain,May-22,79.23
Clear Mountain,Apr-22,54.67
Clear Mountain,Mar-22,53.75
Clear Mountain,Feb-22,63.1
Clear Mountain,Jan-22,48.65
Clear Mountain,Dec-21,38.29
Clear Mountain,Nov-21,22.22
Clear Mountain,Oct-21,45.7
Clear Mountain,Sep-21,38.89
Clear Mountain,Aug-21,16.67
Clear Mountain,Jul-21,56.58
Clontarf,Jul-23,74.45
Clontarf,Jun-23,78.75
Clontarf,May-23,80.83
Clontarf,Apr-23,82.39
Clontarf,Mar-23,87.18
Clontarf,Feb-23,84.44
Clontarf,Jan-23,71.01
Clontarf,Dec-22,71.81
Clontarf,Nov-22,77.75
Clontarf,Oct-22,80.54
Clontarf,Sep-22,81.42
Clontarf,Aug-22,93.35
Clontarf,Jul-22,86.36
Clontarf,Jun-22,87.69
Clontarf,May-22,89.03
Clontarf,Apr-22,96.75
Clontarf,Mar-22,88.68
Clontarf,Feb-22,83.48
Clontarf,Jan-22,92.86
Clontarf,Dec-21,73
Clontarf,Nov-21,67.37
Clontarf,Oct-21,53.22
Clontarf,Sep-21,54.68
Clontarf,Aug-21,48.99
Clontarf,Jul-21,61.88
Closeburn,Jul-23,60.93
Closeburn,Jun-23,60.27
Closeburn,May-23,58
Closeburn,Apr-23,73.33
Closeburn,Mar-23,67.74
Closeburn,Feb-23,61.61
Closeburn,Jan-23,69.15
Closeburn,Dec-22,67.86
Closeburn,Nov-22,78
Closeburn,Oct-22,81.91
Closeburn,Sep-22,90
Closeburn,Aug-22,91.94
Closeburn,Jul-22,94.35
Closeburn,Jun-22,90
Closeburn,May-22,91.94
Closeburn,Apr-22,95.83
Closeburn,Mar-22,86.29
Closeburn,Feb-22,90.18
Closeburn,Jan-22,97.58
Closeburn,Dec-21,88.71
Closeburn,Nov-21,75.83
Closeburn,Oct-21,77.42
Closeburn,Sep-21,84.17
Closeburn,Aug-21,74.19
Closeburn,Jul-21,89.52
D'Aguilar,Jul-23,45.16
D'Aguilar,Jun-23,50
D'Aguilar,May-23,84.21
Dakabin,Jul-23,70.43
Dakabin,Jun-23,69.44
Dakabin,May-23,72.62
Dakabin,Apr-23,65.56
Dakabin,Mar-23,70.43
Dakabin,Feb-23,61.15
Dakabin,Jan-23,74.67
Dakabin,Dec-22,86.09
Dakabin,Nov-22,77.33
Dakabin,Oct-22,82.86
Dakabin,Sep-22,89.17
Dakabin,Aug-22,76.64
Dakabin,Jul-22,74.19
Dakabin,Jun-22,90
Dakabin,May-22,95.7
Dakabin,Apr-22,97.78
Dakabin,Mar-22,90.32
Dakabin,Feb-22,88.1
Dakabin,Jan-22,95.79
Dakabin,Dec-21,55.86
Dakabin,Nov-21,47.33
Dakabin,Oct-21,56.05
Dakabin,Sep-21,48.33
Dakabin,Aug-21,34.95
Dakabin,Jul-21,39.9
Dayboro,Jul-23,8.9
Dayboro,Jun-23,21.2
Dayboro,May-23,13.27
Dayboro,Apr-23,23.74
Dayboro,Mar-23,36.14
Dayboro,Feb-23,14.29
Dayboro,Jan-23,40.43
Dayboro,Dec-22,34.87
Dayboro,Nov-22,25.24
Dayboro,Oct-22,21.77
Dayboro,Sep-22,39.17
Dayboro,Aug-22,63.64
Dayboro,Jul-22,79
Dayboro,Jun-22,47.22
Dayboro,May-22,25
Dayboro,Apr-22,18.33
Dayboro,Mar-22,11.29
Dayboro,Feb-22,48.21
Dayboro,Jan-22,11.43
Dayboro,Dec-21,48.39
Dayboro,Nov-21,20
Dayboro,Oct-21,29.03
Dayboro,Sep-21,46.15
Dayboro,Aug-21,59.68
Dayboro,Jul-21,46.43
Deception Bay,Jul-23,58.61
Deception Bay,Jun-23,40.91
Deception Bay,May-23,41.27
Deception Bay,Apr-23,52.57
Deception Bay,Mar-23,63.42
Deception Bay,Feb-23,73.93
Deception Bay,Jan-23,81.48
Deception Bay,Dec-22,87.08
Deception Bay,Nov-22,78.6
Deception Bay,Oct-22,61.47
Deception Bay,Sep-22,69.79
Deception Bay,Aug-22,75.83
Deception Bay,Jul-22,72.58
Deception Bay,Jun-22,67.08
Deception Bay,May-22,62.27
Deception Bay,Apr-22,64.08
Deception Bay,Mar-22,51.21
Deception Bay,Feb-22,46.88
Deception Bay,Jan-22,61.39
Deception Bay,Dec-21,49.46
Deception Bay,Nov-21,33.8
Deception Bay,Oct-21,52.56
Deception Bay,Sep-21,44.65
Deception Bay,Aug-21,44.44
Deception Bay,Jul-21,45.26
Delaneys Creek,Jul-23,46.77
Delaneys Creek,Jun-23,45.16
Delaneys Creek,May-23,46.77
Delaneys Creek,Apr-23,35.71
Delaneys Creek,Mar-23,29.03
Delaneys Creek,Feb-23,29.76
Delaneys Creek,Jan-23,35.56
Delaneys Creek,Dec-22,51.25
Delaneys Creek,Nov-22,27.78
Delaneys Creek,Oct-22,96.77
Delaneys Creek,Sep-22,85.25
Delaneys Creek,Aug-22,51.61
Delaneys Creek,Jul-22,58.75
Delaneys Creek,Jun-22,98.33
Delaneys Creek,May-22,83.87
Delaneys Creek,Apr-22,97.44
Delaneys Creek,Mar-22,95.12
Delaneys Creek,Feb-22,96.43
Delaneys Creek,Jan-22,96.77
Delaneys Creek,Dec-21,94.83
Delaneys Creek,Nov-21,88.33
Delaneys Creek,Oct-21,70.97
Delaneys Creek,Sep-21,68.33
Delaneys Creek,Aug-21,69.35
Delaneys Creek,Jul-21,83.87
Donnybrook,Jul-23,51.61
Donnybrook,Jun-23,43.33
Donnybrook,May-23,12.9
Donnybrook,Apr-23,66.67
Donnybrook,Mar-23,41.94
Donnybrook,Feb-23,48.21
Donnybrook,Jan-23,79.03
Donnybrook,Dec-22,67.74
Donnybrook,Nov-22,46.67
Donnybrook,Oct-22,54.1
Donnybrook,Sep-22,50.85
Donnybrook,Aug-22,38.78
Donnybrook,Jul-22,32.26
Donnybrook,Jun-22,23.33
Donnybrook,May-22,48.39
Donnybrook,Apr-22,80
Donnybrook,Mar-22,32.26
Donnybrook,Feb-22,18.18
Donnybrook,Jan-22,43.55
Donnybrook,Dec-21,29.03
Donnybrook,Nov-21,23.33
Donnybrook,Oct-21,22.58
Donnybrook,Sep-21,20
Donnybrook,Aug-21,6.45
Donnybrook,Jul-21,0
Draper,Jul-23,87.1
Draper,Jun-23,66.67
Draper,May-23,41.94
Draper,Apr-23,13.33
Draper,Mar-23,0
Eatons Hill,Jul-23,43.66
Eatons Hill,Jun-23,23.36
Eatons Hill,May-23,16.49
Eatons Hill,Apr-23,40.37
Eatons Hill,Mar-23,48.39
Eatons Hill,Feb-23,38.1
Eatons Hill,Jan-23,46.15
Eatons Hill,Dec-22,41.98
Eatons Hill,Nov-22,54.44
Eatons Hill,Oct-22,53.76
Eatons Hill,Sep-22,60
Eatons Hill,Aug-22,60.22
Eatons Hill,Jul-22,72.04
Eatons Hill,Jun-22,65.56
Eatons Hill,May-22,52.69
Eatons Hill,Apr-22,31.67
Eatons Hill,Mar-22,13.71
Eatons Hill,Feb-22,19.64
Eatons Hill,Jan-22,47.58
Eatons Hill,Dec-21,37.1
Eatons Hill,Nov-21,17.5
Eatons Hill,Oct-21,37.3
Eatons Hill,Sep-21,19.58
Eatons Hill,Aug-21,2.58
Eatons Hill,Jul-21,10.14
Elimbah,Jul-23,100
Elimbah,Jun-23,100
Elimbah,May-23,74.19
Elimbah,Apr-23,60
Elimbah,Oct-21,0
Elimbah,Sep-21,0
Elimbah,Aug-21,0
Elimbah,Jul-21,0
Everton Hills,Jul-23,72.8
Everton Hills,Jun-23,58.33
Everton Hills,May-23,61.34
Everton Hills,Apr-23,74.78
Everton Hills,Mar-23,71.92
Everton Hills,Feb-23,63.8
Everton Hills,Jan-23,71.94
Everton Hills,Dec-22,67.61
Everton Hills,Nov-22,68.64
Everton Hills,Oct-22,58.17
Everton Hills,Sep-22,54.77
Everton Hills,Aug-22,55.04
Everton Hills,Jul-22,56.08
Everton Hills,Jun-22,64.36
Everton Hills,May-22,69.98
Everton Hills,Apr-22,70.16
Everton Hills,Mar-22,66.4
Everton Hills,Feb-22,68.3
Everton Hills,Jan-22,64.95
Everton Hills,Dec-21,65.27
Everton Hills,Nov-21,58.13
Everton Hills,Oct-21,58.28
Everton Hills,Sep-21,56.66
Everton Hills,Aug-21,53.92
Everton Hills,Jul-21,61.46
Ferny Hills,Jul-23,61.16
Ferny Hills,Jun-23,50.24
Ferny Hills,May-23,55.66
Ferny Hills,Apr-23,57.65
Ferny Hills,Mar-23,58.14
Ferny Hills,Feb-23,53.91
Ferny Hills,Jan-23,50
Ferny Hills,Dec-22,27.88
Ferny Hills,Nov-22,46.55
Ferny Hills,Oct-22,32.95
Ferny Hills,Sep-22,63.39
Ferny Hills,Aug-22,39.29
Ferny Hills,Jul-22,16.67
Ferny Hills,Jun-22,0
Ferny Hills,May-22,0
Ferny Hills,Apr-22,5.26
Ferny Hills,Mar-22,3.23
Ferny Hills,Feb-22,28.57
Ferny Hills,Jan-22,77.42
Ferny Hills,Dec-21,64.52
Ferny Hills,Nov-21,37.78
Ferny Hills,Oct-21,39.78
Ferny Hills,Sep-21,57.78
Ferny Hills,Aug-21,51.61
Ferny Hills,Jul-21,41.14
Godwin Beach,Jul-23,60.71
Godwin Beach,Jun-23,40
Godwin Beach,May-23,25.81
Godwin Beach,Apr-23,16.67
Godwin Beach,Mar-23,0
Godwin Beach,Feb-23,17.86
Godwin Beach,Jan-23,100
Godwin Beach,Dec-22,78.57
Griffin,Jul-23,38.18
Griffin,Jun-23,26.94
Griffin,May-23,35.43
Griffin,Apr-23,37.22
Griffin,Mar-23,29.63
Griffin,Feb-23,22.54
Griffin,Jan-23,27.96
Griffin,Dec-22,31.72
Griffin,Nov-22,36.84
Griffin,Oct-22,25.56
Griffin,Sep-22,18.67
Griffin,Aug-22,14.91
Griffin,Jul-22,15.09
Griffin,Jun-22,20.13
Griffin,May-22,18.82
Griffin,Apr-22,19.55
Griffin,Mar-22,29.31
Griffin,Feb-22,29.76
Griffin,Jan-22,41.71
Griffin,Dec-21,28.11
Griffin,Nov-21,21.43
Griffin,Oct-21,24.42
Griffin,Sep-21,16.82
Griffin,Aug-21,13.22
Griffin,Jul-21,15.86
Highvale,Jul-23,75
Highvale,Jun-23,53.92
Highvale,May-23,47.37
Highvale,Apr-23,39.9
Highvale,Mar-23,36.11
Highvale,Feb-23,48.55
Highvale,Jan-23,50.27
Highvale,Dec-22,79.03
Highvale,Nov-22,77.33
Highvale,Oct-22,83.23
Highvale,Sep-22,87.25
Highvale,Aug-22,76.13
Highvale,Jul-22,84.52
Highvale,Jun-22,82
Highvale,May-22,86.18
Highvale,Apr-22,68.67
Highvale,Mar-22,50.32
Highvale,Feb-22,35
Highvale,Jan-22,62.41
Highvale,Dec-21,78.13
Highvale,Nov-21,65.33
Highvale,Oct-21,76.77
Highvale,Sep-21,83.33
Highvale,Aug-21,43.95
Highvale,Jul-21,52.42
Jollys Lookout,Jul-23,41.94
Jollys Lookout,Jun-23,76.67
Jollys Lookout,May-23,48.39
Jollys Lookout,Apr-23,62.5
Jollys Lookout,Mar-23,38.71
Jollys Lookout,Feb-23,35.71
Jollys Lookout,Jan-23,15.38
Jollys Lookout,Nov-22,62.5
Jollys Lookout,Oct-22,41.94
Jollys Lookout,Sep-22,38.1
Jollys Lookout,Aug-22,34.78
Jollys Lookout,Jul-22,0
Joyner,Jul-23,77.42
Joyner,Jun-23,70
Joyner,May-23,69.57
Joyner,Apr-23,86.67
Joyner,Mar-23,92.31
Joyner,Jan-23,0
Joyner,Sep-21,0
Joyner,Aug-21,0
Joyner,Jul-21,0
Kallangur,Jul-23,59.05
Kallangur,Jun-23,64
Kallangur,May-23,53.31
Kallangur,Apr-23,54.15
Kallangur,Mar-23,58.42
Kallangur,Feb-23,52.78
Kallangur,Jan-23,50.56
Kallangur,Dec-22,49.9
Kallangur,Nov-22,51.37
Kallangur,Oct-22,49.51
Kallangur,Sep-22,51.52
Kallangur,Aug-22,53.57
Kallangur,Jul-22,50.18
Kallangur,Jun-22,37.99
Kallangur,May-22,47.21
Kallangur,Apr-22,41.58
Kallangur,Mar-22,54.72
Kallangur,Feb-22,62.33
Kallangur,Jan-22,65.73
Kallangur,Dec-21,54.03
Kallangur,Nov-21,54.25
Kallangur,Oct-21,64.62
Kallangur,Sep-21,64.52
Kallangur,Aug-21,53.52
Kallangur,Jul-21,51.7
King Scrub,Jul-23,67.74
King Scrub,Jun-23,33.33
King Scrub,May-23,22.58
King Scrub,Apr-23,56.67
King Scrub,Mar-23,48.39
King Scrub,Feb-23,17.86
King Scrub,Jan-23,70.97
King Scrub,Dec-22,54.84
King Scrub,Nov-22,38.71
King Scrub,Oct-22,51.43
King Scrub,Sep-22,90.65
King Scrub,Aug-22,52.97
King Scrub,Jul-22,62.9
King Scrub,Jun-22,50
King Scrub,May-22,52.69
King Scrub,Apr-22,68.89
King Scrub,Mar-22,38.17
King Scrub,Feb-22,48.21
King Scrub,Jan-22,41.94
King Scrub,Dec-21,46.24
King Scrub,Nov-21,37.78
King Scrub,Oct-21,68.48
King Scrub,Sep-21,66.11
King Scrub,Aug-21,60.75
King Scrub,Jul-21,74.19
Kippa-Ring,Jul-23,44.15
Kippa-Ring,Jun-23,46.83
Kippa-Ring,May-23,43.01
Kippa-Ring,Apr-23,50.87
Kippa-Ring,Mar-23,37.86
Kippa-Ring,Feb-23,37.76
Kippa-Ring,Jan-23,46.15
Kippa-Ring,Dec-22,50
Kippa-Ring,Nov-22,59.56
Kippa-Ring,Oct-22,63.22
Kippa-Ring,Sep-22,60.66
Kippa-Ring,Aug-22,59.21
Kippa-Ring,Jul-22,65.12
Kippa-Ring,Jun-22,43.7
Kippa-Ring,May-22,43.49
Kippa-Ring,Apr-22,68.64
Kippa-Ring,Mar-22,72.4
Kippa-Ring,Feb-22,73.81
Kippa-Ring,Jan-22,79.2
Kippa-Ring,Dec-21,58.09
Kippa-Ring,Nov-21,56.3
Kippa-Ring,Oct-21,65.34
Kippa-Ring,Sep-21,71.85
Kippa-Ring,Aug-21,63.08
Kippa-Ring,Jul-21,66.21
Kobble Creek,Jul-23,78.71
Kobble Creek,Jun-23,80
Kobble Creek,May-23,76.77
Kobble Creek,Apr-23,56.3
Kobble Creek,Mar-23,39.35
Kobble Creek,Feb-23,62.14
Kobble Creek,Jan-23,62.34
Kobble Creek,Dec-22,54.9
Kobble Creek,Nov-22,78.67
Kobble Creek,Oct-22,82.58
Kobble Creek,Sep-22,76.35
Kobble Creek,Aug-22,76.13
Kobble Creek,Jul-22,87.74
Kobble Creek,Jun-22,70.67
Kobble Creek,May-22,85.71
Kobble Creek,Apr-22,84.67
Kobble Creek,Mar-22,67.74
Kobble Creek,Feb-22,70
Kobble Creek,Jan-22,80.65
Kobble Creek,Dec-21,80.65
Kobble Creek,Nov-21,76.67
Kobble Creek,Oct-21,79.35
Kobble Creek,Sep-21,76
Kobble Creek,Aug-21,58.71
Kobble Creek,Jul-21,77.42
Kurwongbah,Jul-23,87.1
Kurwongbah,Jun-23,82.5
Kurwongbah,May-23,91.94
Kurwongbah,Apr-23,100
Kurwongbah,Mar-23,100
Kurwongbah,Feb-23,100
Kurwongbah,Jan-23,58.06
Kurwongbah,Dec-22,62.9
Kurwongbah,Nov-22,57.5
Kurwongbah,Oct-22,67.74
Kurwongbah,Sep-22,70
Kurwongbah,Aug-22,54.03
Kurwongbah,Jul-22,78.23
Kurwongbah,Jun-22,55
Kurwongbah,May-22,66.4
Kurwongbah,Apr-22,81.67
Kurwongbah,Mar-22,72.58
Kurwongbah,Feb-22,77.68
Kurwongbah,Jan-22,62.9
Kurwongbah,Dec-21,54.84
Kurwongbah,Nov-21,49.17
Kurwongbah,Oct-21,47.58
Kurwongbah,Sep-21,60.83
Kurwongbah,Aug-21,30.65
Kurwongbah,Jul-21,54.84
Laceys Creek,Jul-23,69.35
Laceys Creek,Jun-23,55
Laceys Creek,May-23,47.06
Laceys Creek,Apr-23,46.67
Laceys Creek,Mar-23,31.18
Laceys Creek,Feb-23,25
Laceys Creek,Jan-23,17.2
Laceys Creek,Dec-22,29.03
Laceys Creek,Nov-22,25.56
Laceys Creek,Oct-22,34.41
Laceys Creek,Sep-22,37.78
Laceys Creek,Aug-22,31.43
Laceys Creek,Jul-22,30.65
Laceys Creek,Jun-22,28.33
Laceys Creek,May-22,8.06
Laceys Creek,Apr-22,38.71
Laceys Creek,Mar-22,38.71
Laceys Creek,Feb-22,14.29
Laceys Creek,Jan-22,41.94
Laceys Creek,Dec-21,16.13
Laceys Creek,Nov-21,33.33
Laceys Creek,Oct-21,51.61
Laceys Creek,Sep-21,36.67
Laceys Creek,Aug-21,29.03
Laceys Creek,Jul-21,67.74
Lawnton,Jul-23,36.46
Lawnton,Jun-23,47.66
Lawnton,May-23,42.86
Lawnton,Apr-23,48.11
Lawnton,Mar-23,56.91
Lawnton,Feb-23,62.62
Lawnton,Jan-23,78.26
Lawnton,Dec-22,64.38
Lawnton,Nov-22,65
Lawnton,Oct-22,75.81
Lawnton,Sep-22,93.33
Lawnton,Aug-22,70.97
Lawnton,Jul-22,77.59
Lawnton,Jun-22,88.33
Lawnton,May-22,76.74
Lawnton,Apr-22,95.65
Lawnton,Mar-22,96.77
Lawnton,Feb-22,46.43
Lawnton,Jan-22,70.97
Lawnton,Dec-21,50
Lawnton,Nov-21,50
Lawnton,Oct-21,58.82
Lawnton,Sep-21,45
Lawnton,Aug-21,16
Lawnton,Jul-21,15.22
Mango Hill,Jul-23,58.28
Mango Hill,Jun-23,52.83
Mango Hill,May-23,52.76
Mango Hill,Apr-23,74.29
Mango Hill,Mar-23,76.75
Mango Hill,Feb-23,79.36
Mango Hill,Jan-23,85.87
Mango Hill,Dec-22,58.82
Mango Hill,Nov-22,84.23
Mango Hill,Oct-22,54.93
Mango Hill,Sep-22,41.67
Mango Hill,Aug-22,45.11
Mango Hill,Jul-22,52.89
Mango Hill,Jun-22,33
Mango Hill,May-22,48.18
Mango Hill,Apr-22,53.61
Mango Hill,Mar-22,46.72
Mango Hill,Feb-22,50
Mango Hill,Jan-22,49.87
Mango Hill,Dec-21,40.86
Mango Hill,Nov-21,31.51
Mango Hill,Oct-21,37.1
Mango Hill,Sep-21,35.33
Mango Hill,Aug-21,32.86
Mango Hill,Jul-21,38.96
Margate,Jul-23,58.24
Margate,Jun-23,55.18
Margate,May-23,69.82
Margate,Apr-23,65.71
Margate,Mar-23,63.46
Margate,Feb-23,62.51
Margate,Jan-23,59.61
Margate,Dec-22,66.91
Margate,Nov-22,68.34
Margate,Oct-22,71.74
Margate,Sep-22,73.19
Margate,Aug-22,74.33
Margate,Jul-22,75.38
Margate,Jun-22,74.35
Margate,May-22,76.09
Margate,Apr-22,77.69
Margate,Mar-22,79.86
Margate,Feb-22,71.35
Margate,Jan-22,73.51
Margate,Dec-21,71.87
Margate,Nov-21,59.84
Margate,Oct-21,55.96
Margate,Sep-21,64.13
Margate,Aug-21,58.92
Margate,Jul-21,62.43
Meldale,Jul-23,35.48
Meldale,Jun-23,40
Meldale,May-23,12.9
Meldale,Apr-23,43.33
Meldale,Mar-23,32.26
Meldale,Feb-23,28.57
Meldale,Sep-22,100
Meldale,Aug-22,32.26
Meldale,Jul-22,33.33
Meldale,Jun-22,60
Meldale,May-22,62.07
Meldale,Apr-22,74.07
Meldale,Mar-22,41.94
Meldale,Feb-22,7.14
Meldale,Jan-22,42.86
Meldale,Dec-21,54.17
Meldale,Nov-21,33.33
Meldale,Oct-21,37.93
Meldale,Sep-21,51.72
Meldale,Aug-21,54.84
Meldale,Jul-21,45.16
Moorina,Jul-23,54.84
Moorina,Jun-23,74.44
Moorina,May-23,53.85
Moorina,Apr-23,74.67
Moorina,Mar-23,20.97
Moorina,Feb-23,8.93
Moorina,Jan-23,10.34
Moorina,Dec-22,15.09
Moorina,Nov-22,66.67
Moorina,Oct-22,100
Moorina,Sep-22,93.33
Moorina,Aug-22,72.22
Moorina,Jul-22,82.26
Moorina,Jun-22,70.45
Moorina,May-22,22.58
Moorina,Apr-22,23.33
Morayfield,Jul-23,50.69
Morayfield,Jun-23,43.92
Morayfield,May-23,39.43
Morayfield,Apr-23,52.88
Morayfield,Mar-23,51.26
Morayfield,Feb-23,47.61
Morayfield,Jan-23,54.41
Morayfield,Dec-22,39.31
Morayfield,Nov-22,53.05
Morayfield,Oct-22,44.34
Morayfield,Sep-22,39.84
Morayfield,Aug-22,35.75
Morayfield,Jul-22,47.19
Morayfield,Jun-22,39.24
Morayfield,May-22,32.59
Morayfield,Apr-22,36.01
Morayfield,Mar-22,33.83
Morayfield,Feb-22,39.73
Morayfield,Jan-22,42.04
Morayfield,Dec-21,65.09
Morayfield,Nov-21,67.78
Morayfield,Oct-21,69.78
Morayfield,Sep-21,68.89
Morayfield,Aug-21,70.61
Morayfield,Jul-21,66.29
Mount Glorious,Jul-23,54.33
Mount Glorious,Jun-23,55.76
Mount Glorious,May-23,45.75
Mount Glorious,Apr-23,45.77
Mount Glorious,Mar-23,44.89
Mount Glorious,Feb-23,30.36
Mount Glorious,Jan-23,51.61
Mount Glorious,Dec-22,49.27
Mount Glorious,Nov-22,59.05
Mount Glorious,Oct-22,64.18
Mount Glorious,Sep-22,63.53
Mount Glorious,Aug-22,67.47
Mount Glorious,Jul-22,76.88
Mount Glorious,Jun-22,69.64
Mount Glorious,May-22,41.49
Mount Glorious,Apr-22,62.31
Mount Glorious,Mar-22,49.56
Mount Glorious,Feb-22,43.18
Mount Glorious,Jan-22,46.29
Mount Glorious,Dec-21,50.65
Mount Glorious,Nov-21,33.22
Mount Glorious,Oct-21,51.85
Mount Glorious,Sep-21,53.64
Mount Glorious,Aug-21,60.22
Mount Glorious,Jul-21,70.43
Mount Mee,Jul-23,40.08
Mount Mee,Jun-23,43.36
Mount Mee,May-23,42.86
Mount Mee,Apr-23,59.52
Mount Mee,Mar-23,24.74
Mount Mee,Feb-23,31.14
Mount Mee,Jan-23,54.05
Mount Mee,Dec-22,80.23
Mount Mee,Nov-22,81.55
Mount Mee,Oct-22,64.13
Mount Mee,Sep-22,63.92
Mount Mee,Aug-22,64.9
Mount Mee,Jul-22,84.13
Mount Mee,Jun-22,75
Mount Mee,May-22,69.35
Mount Mee,Apr-22,87.5
Mount Mee,Mar-22,65.57
Mount Mee,Feb-22,51.79
Mount Mee,Jan-22,79.84
Mount Mee,Dec-21,70.94
Mount Mee,Nov-21,55.06
Mount Mee,Oct-21,58.7
Mount Mee,Sep-21,80.77
Mount Mee,Aug-21,59.68
Mount Mee,Jul-21,54.1
Mount Nebo,Jul-23,39.04
Mount Nebo,Jun-23,28.06
Mount Nebo,May-23,28.7
Mount Nebo,Apr-23,54.72
Mount Nebo,Mar-23,40.37
Mount Nebo,Feb-23,44.64
Mount Nebo,Jan-23,40.57
Mount Nebo,Dec-22,42.47
Mount Nebo,Nov-22,60.27
Mount Nebo,Oct-22,63.46
Mount Nebo,Sep-22,64.71
Mount Nebo,Aug-22,61.54
Mount Nebo,Jul-22,96.55
Mount Nebo,Jun-22,88.89
Mount Nebo,May-22,80
Mount Nebo,Apr-22,100
Mount Nebo,Mar-22,100
Mount Nebo,Feb-22,64.29
Mount Nebo,Jan-22,70
Mount Nebo,Dec-21,100
Mount Nebo,Nov-21,95.65
Mount Nebo,Oct-21,89.29
Mount Nebo,Sep-21,83.33
Mount Nebo,Aug-21,43.75
Mount Nebo,Jul-21,95.65
Mount Pleasant,Jul-23,65.13
Mount Pleasant,Jun-23,48.65
Mount Pleasant,May-23,30
Mount Pleasant,Apr-23,66.67
Mount Pleasant,Mar-23,25.81
Mount Pleasant,Feb-23,25
Mount Pleasant,Jan-23,22.58
Mount Pleasant,Dec-22,100
Mount Pleasant,Nov-22,100
Mount Pleasant,Oct-22,90
Mount Pleasant,Sep-22,80
Mount Pleasant,Aug-22,80.65
Mount Pleasant,Jul-22,31.25
Mount Pleasant,Jun-22,32.22
Mount Pleasant,May-22,53.76
Mount Pleasant,Apr-22,45.56
Mount Pleasant,Mar-22,65.59
Mount Pleasant,Feb-22,66.67
Mount Pleasant,Jan-22,56.99
Mount Pleasant,Dec-21,49.46
Mount Pleasant,Nov-21,23.33
Mount Pleasant,Oct-21,35.48
Mount Pleasant,Sep-21,40.74
Mount Pleasant,Aug-21,12.9
Mount Pleasant,Jul-21,53.33
Mount Samson,Jul-23,30.88
Mount Samson,Jun-23,35.82
Mount Samson,May-23,19.13
Mount Samson,Apr-23,41.98
Mount Samson,Mar-23,36.96
Mount Samson,Feb-23,44.68
Mount Samson,Jan-23,79.35
Mount Samson,Dec-22,56.88
Mount Samson,Nov-22,50.57
Mount Samson,Oct-22,43.73
Mount Samson,Sep-22,53.11
Mount Samson,Aug-22,54.51
Mount Samson,Jul-22,59.92
Mount Samson,Jun-22,41.26
Mount Samson,May-22,70.05
Mount Samson,Apr-22,60.09
Mount Samson,Mar-22,63.64
Mount Samson,Feb-22,44.9
Mount Samson,Jan-22,64.14
Mount Samson,Dec-21,42.34
Mount Samson,Nov-21,22.9
Mount Samson,Oct-21,41.47
Mount Samson,Sep-21,45.89
Mount Samson,Aug-21,33.64
Mount Samson,Jul-21,54.92
Murrumba Downs,Jul-23,86.75
Murrumba Downs,Jun-23,90
Murrumba Downs,May-23,84.08
Murrumba Downs,Apr-23,91.71
Murrumba Downs,Mar-23,96.31
Murrumba Downs,Feb-23,95.24
Murrumba Downs,Jan-23,78.65
Murrumba Downs,Dec-22,81.77
Murrumba Downs,Nov-22,71.55
Murrumba Downs,Oct-22,77.37
Murrumba Downs,Sep-22,71.14
Murrumba Downs,Aug-22,69.92
Murrumba Downs,Jul-22,60.73
Murrumba Downs,Jun-22,68.27
Murrumba Downs,May-22,52.17
Murrumba Downs,Apr-22,46.45
Murrumba Downs,Mar-22,44.52
Murrumba Downs,Feb-22,59.29
Murrumba Downs,Jan-22,61.94
Murrumba Downs,Dec-21,63.24
Murrumba Downs,Nov-21,75.68
Murrumba Downs,Oct-21,72.37
Murrumba Downs,Sep-21,75.95
Murrumba Downs,Aug-21,80.11
Murrumba Downs,Jul-21,78.92
Narangba,Jul-23,89.36
Narangba,Jun-23,71.25
Narangba,May-23,85.48
Narangba,Apr-23,83.05
Narangba,Mar-23,44.12
Narangba,Feb-23,10.71
Narangba,Jan-23,83.87
Narangba,Dec-22,30.77
Narangba,Nov-22,0
Narangba,Oct-22,0
Narangba,Sep-22,0
Narangba,Aug-22,0
Narangba,Jul-22,0
Narangba,Jun-22,39.39
Narangba,May-22,38.83
Narangba,Apr-22,49.17
Narangba,Mar-22,25
Narangba,Feb-22,25.89
Narangba,Jan-22,70.97
Narangba,Dec-21,58.06
Narangba,Nov-21,52.75
Narangba,Oct-21,43
Narangba,Sep-21,48.74
Narangba,Aug-21,32.28
Narangba,Jul-21,40.58
Neurum,Dec-22,0
Neurum,Nov-22,0
Neurum,Oct-22,0
Neurum,Sep-22,100
Neurum,Aug-22,100
Neurum,Jul-22,96.77
Neurum,Jun-22,90
Neurum,May-22,87.1
Neurum,Apr-22,93.33
Neurum,Mar-22,67.74
Neurum,Feb-22,42.86
Neurum,Jan-22,67.74
Neurum,Dec-21,83.87
Neurum,Nov-21,73.33
Neurum,Oct-21,96.77
Neurum,Sep-21,90
Neurum,Aug-21,41.94
Neurum,Jul-21,58.06
Newport,Jul-23,70.52
Newport,Jun-23,71.27
Newport,May-23,59.04
Newport,Apr-23,67.23
Newport,Mar-23,54.21
Newport,Feb-23,58.9
Newport,Jan-23,70.09
Newport,Dec-22,65.05
Newport,Nov-22,66.67
Newport,Oct-22,55.87
Newport,Sep-22,64.69
Newport,Aug-22,61.9
Newport,Jul-22,64.29
Newport,Jun-22,58.54
Newport,May-22,65.73
Newport,Apr-22,64.23
Newport,Mar-22,62.07
Newport,Feb-22,59.07
Newport,Jan-22,65.61
Newport,Dec-21,67.8
Newport,Nov-21,69.75
Newport,Oct-21,71.58
Newport,Sep-21,78.42
Newport,Aug-21,73.68
Newport,Jul-21,74.39
Ningi,Jul-23,67.74
Ningi,Jun-23,49.77
Ningi,May-23,50.85
Ningi,Apr-23,75.91
Ningi,Mar-23,55.27
Ningi,Feb-23,64.56
Ningi,Jan-23,57.36
Ningi,Dec-22,53.85
Ningi,Nov-22,58.33
Ningi,Oct-22,59.32
Ningi,Sep-22,47.57
Ningi,Aug-22,42.16
Ningi,Jul-22,40.22
Ningi,Jun-22,30.15
Ningi,May-22,32.96
Ningi,Apr-22,31.33
Ningi,Mar-22,24.19
Ningi,Feb-22,25
Ningi,Jan-22,24.47
Ningi,Dec-21,34.85
Ningi,Nov-21,27
Ningi,Oct-21,32.64
Ningi,Sep-21,28.27
Ningi,Aug-21,29.84
Ningi,Jul-21,35.89
North Lakes,Jul-23,52.96
North Lakes,Jun-23,43.61
North Lakes,May-23,51.99
North Lakes,Apr-23,51.48
North Lakes,Mar-23,50.12
North Lakes,Feb-23,61.02
North Lakes,Jan-23,67.94
North Lakes,Dec-22,69.01
North Lakes,Nov-22,70.09
North Lakes,Oct-22,68.79
North Lakes,Sep-22,66.82
North Lakes,Aug-22,62.28
North Lakes,Jul-22,67.68
North Lakes,Jun-22,58.12
North Lakes,May-22,60.78
North Lakes,Apr-22,63.94
North Lakes,Mar-22,61.55
North Lakes,Feb-22,58.15
North Lakes,Jan-22,53.91
North Lakes,Dec-21,42.59
North Lakes,Nov-21,39.78
North Lakes,Oct-21,39.79
North Lakes,Sep-21,30.63
North Lakes,Aug-21,40.52
North Lakes,Jul-21,43.79
Ocean View,Jul-23,62.37
Ocean View,Jun-23,55.56
Ocean View,May-23,46.24
Ocean View,Apr-23,65.64
Ocean View,Mar-23,69.89
Ocean View,Feb-23,46.94
Ocean View,Jan-23,55.35
Ocean View,Dec-22,66.82
Ocean View,Nov-22,55.7
Ocean View,Oct-22,62.02
Ocean View,Sep-22,62.07
Ocean View,Aug-22,61.48
Ocean View,Jul-22,69.96
Ocean View,Jun-22,76.07
Ocean View,May-22,63.2
Ocean View,Apr-22,61.64
Ocean View,Mar-22,48.33
Ocean View,Feb-22,61.62
Ocean View,Jan-22,64.08
Ocean View,Dec-21,59.31
Ocean View,Nov-21,46.11
Ocean View,Oct-21,65.95
Ocean View,Sep-21,50
Ocean View,Aug-21,42.47
Ocean View,Jul-21,47.03
Petrie,Jul-23,88.11
Petrie,Jun-23,75.45
Petrie,May-23,76.96
Petrie,Apr-23,90.95
Petrie,Mar-23,91.24
Petrie,Feb-23,92.86
Petrie,Jan-23,83.33
Petrie,Dec-22,87.61
Petrie,Nov-22,89.41
Petrie,Oct-22,93.5
Petrie,Sep-22,87.5
Petrie,Aug-22,66.42
Petrie,Jul-22,51.72
Petrie,Jun-22,61.82
Petrie,May-22,71.96
Petrie,Apr-22,95.45
Petrie,Mar-22,100
Petrie,Feb-22,96.43
Petrie,Jan-22,88.33
Petrie,Dec-21,88.57
Petrie,Nov-21,44.44
Petrie,Oct-21,31.96
Petrie,Sep-21,18.18
Petrie,Aug-21,16.67
Petrie,Jul-21,16.67
Redcliffe,Jul-23,64.51
Redcliffe,Jun-23,58.86
Redcliffe,May-23,59.98
Redcliffe,Apr-23,61.77
Redcliffe,Mar-23,64.85
Redcliffe,Feb-23,62.76
Redcliffe,Jan-23,63.17
Redcliffe,Dec-22,65.88
Redcliffe,Nov-22,66.74
Redcliffe,Oct-22,71.95
Redcliffe,Sep-22,71.98
Redcliffe,Aug-22,66.48
Redcliffe,Jul-22,69.15
Redcliffe,Jun-22,66.32
Redcliffe,May-22,65.11
Redcliffe,Apr-22,74.05
Redcliffe,Mar-22,67.79
Redcliffe,Feb-22,60.64
Redcliffe,Jan-22,70.64
Redcliffe,Dec-21,71.86
Redcliffe,Nov-21,63.85
Redcliffe,Oct-21,65.37
Redcliffe,Sep-21,61.95
Redcliffe,Aug-21,55.54
Redcliffe,Jul-21,63.28
Rocksberg,Jul-21,0
Rothwell,Jul-23,74.73
Rothwell,Jun-23,68.16
Rothwell,May-23,76.98
Rothwell,Apr-23,95.8
Rothwell,Mar-23,92.62
Rothwell,Feb-23,86.67
Rothwell,Jan-23,83.9
Rothwell,Dec-22,94.59
Rothwell,Nov-22,92.31
Rothwell,Oct-22,91.18
Rothwell,Sep-22,50
Rothwell,Aug-22,41.94
Rothwell,Jul-22,48.44
Rothwell,Jun-22,64.44
Rothwell,May-22,63.44
Rothwell,Apr-22,47.5
Rothwell,Mar-22,78.71
Rothwell,Feb-22,72.02
Rothwell,Jan-22,78.26
Rothwell,Dec-21,76.34
Rothwell,Nov-21,77.33
Rothwell,Oct-21,66.25
Rothwell,Sep-21,75.2
Rothwell,Aug-21,62.1
Rothwell,Jul-21,37.25
Rush Creek,Jul-23,25.81
Rush Creek,Jun-23,3.33
Rush Creek,May-23,29.03
Rush Creek,Apr-23,0
Rush Creek,Mar-23,9.68
Rush Creek,Feb-23,39.29
Rush Creek,Jan-23,77.42
Rush Creek,Dec-22,51.61
Rush Creek,Nov-22,33.33
Samford Valley,Jul-23,30
Samford Valley,Jun-23,17.33
Samford Valley,May-23,20.95
Samford Valley,Apr-23,60.66
Samford Valley,Mar-23,40.91
Samford Valley,Feb-23,53.57
Samford Valley,Jan-23,48.28
Samford Valley,Dec-22,65.54
Samford Valley,Nov-22,72.79
Samford Valley,Oct-22,66.01
Samford Valley,Sep-22,85.87
Samford Valley,Aug-22,73.12
Samford Valley,Jul-22,77.91
Samford Valley,Jun-22,62.39
Samford Valley,May-22,56.76
Samford Valley,Apr-22,65.69
Samford Valley,Mar-22,58.82
Samford Valley,Feb-22,57.41
Samford Valley,Jan-22,59
Samford Valley,Dec-21,74.76
Samford Valley,Nov-21,50
Samford Valley,Oct-21,52.48
Samford Valley,Sep-21,59.05
Samford Valley,Aug-21,49.19
Samford Valley,Jul-21,89.66
Samford Village,Jul-23,52.56
Samford Village,Jun-23,53.89
Samford Village,May-23,46.74
Samford Village,Apr-23,46.82
Samford Village,Mar-23,44.62
Samford Village,Feb-23,48.21
Samford Village,Jan-23,55.65
Samford Village,Dec-22,59.68
Samford Village,Nov-22,84.21
Samford Village,Oct-22,78.95
Samford Village,Sep-22,91.67
Samford Village,Aug-22,96.77
Samford Village,Jul-22,94.92
Samford Village,Jun-22,87.8
Samford Village,May-22,79.03
Samford Village,Apr-22,50
Samford Village,Mar-22,59.68
Samford Village,Feb-22,85.71
Samford Village,Jan-22,95.16
Samford Village,Dec-21,80.65
Samford Village,Nov-21,53.33
Samford Village,Oct-21,87.1
Samford Village,Sep-21,100
Samford Village,Aug-21,90.32
Samford Village,Jul-21,98.39
Samsonvale,Jul-23,65.59
Samsonvale,Jun-23,58.89
Samsonvale,May-23,62.37
Samsonvale,Apr-23,85.56
Samsonvale,Mar-23,35.48
Samsonvale,Feb-23,17.95
Samsonvale,Jan-23,53.93
Samsonvale,Dec-22,65.91
Samsonvale,Nov-22,19.51
Samsonvale,Oct-22,16.42
Samsonvale,Sep-22,33.33
Samsonvale,Aug-22,22.58
Samsonvale,Jul-22,75.81
Samsonvale,Jun-22,80
Samsonvale,May-22,46.77
Samsonvale,Apr-22,75
Samsonvale,Mar-22,95.16
Samsonvale,Feb-22,100
Samsonvale,Jan-22,91.94
Samsonvale,Dec-21,50
Samsonvale,Nov-21,13.33
Samsonvale,Oct-21,33.87
Samsonvale,Sep-21,18.33
Samsonvale,Aug-21,3.23
Samsonvale,Jul-21,29.03
Sandstone Point,Jul-23,46.82
Sandstone Point,Jun-23,39.13
Sandstone Point,May-23,36.27
Sandstone Point,Apr-23,49.56
Sandstone Point,Mar-23,47.76
Sandstone Point,Feb-23,44.5
Sandstone Point,Jan-23,51.63
Sandstone Point,Dec-22,52.57
Sandstone Point,Nov-22,53.75
Sandstone Point,Oct-22,59.44
Sandstone Point,Sep-22,69.61
Sandstone Point,Aug-22,50.77
Sandstone Point,Jul-22,69.16
Sandstone Point,Jun-22,70.22
Sandstone Point,May-22,63.88
Sandstone Point,Apr-22,74.63
Sandstone Point,Mar-22,60.98
Sandstone Point,Feb-22,50.56
Sandstone Point,Jan-22,72.35
Sandstone Point,Dec-21,65.5
Sandstone Point,Nov-21,60.12
Sandstone Point,Oct-21,58.23
Sandstone Point,Sep-21,56.35
Sandstone Point,Aug-21,55.96
Sandstone Point,Jul-21,52.54
Scarborough,Jul-23,62.51
Scarborough,Jun-23,51.18
Scarborough,May-23,50.93
Scarborough,Apr-23,53.91
Scarborough,Mar-23,51.93
Scarborough,Feb-23,47.66
Scarborough,Jan-23,52.6
Scarborough,Dec-22,55.91
Scarborough,Nov-22,59.67
Scarborough,Oct-22,59.34
Scarborough,Sep-22,60.3
Scarborough,Aug-22,57.9
Scarborough,Jul-22,66.49
Scarborough,Jun-22,61.27
Scarborough,May-22,66.72
Scarborough,Apr-22,75.24
Scarborough,Mar-22,67.01
Scarborough,Feb-22,65.61
Scarborough,Jan-22,67.56
Scarborough,Dec-21,57.03
Scarborough,Nov-21,59.71
Scarborough,Oct-21,64.32
Scarborough,Sep-21,60.97
Scarborough,Aug-21,55.21
Scarborough,Jul-21,60.83
Stanmore,Jul-23,51.61
Stanmore,Jun-23,6.67
Stanmore,May-23,7.14
Stanmore,Apr-23,5.26
Stanmore,Mar-23,0
Stanmore,Feb-23,0
Stanmore,Jan-23,6.45
Stanmore,Dec-22,27.27
Strathpine,Jul-23,60
Strathpine,Jun-23,62.33
Strathpine,May-23,54.84
Strathpine,Apr-23,53.87
Strathpine,Mar-23,57.19
Strathpine,Feb-23,60.88
Strathpine,Jan-23,56.85
Strathpine,Dec-22,64.07
Strathpine,Nov-22,72.75
Strathpine,Oct-22,57.72
Strathpine,Sep-22,64.31
Strathpine,Aug-22,59.41
Strathpine,Jul-22,64.78
Strathpine,Jun-22,55.12
Strathpine,May-22,48.04
Strathpine,Apr-22,54.43
Strathpine,Mar-22,53.87
Strathpine,Feb-22,58.93
Strathpine,Jan-22,74.48
Strathpine,Dec-21,66.77
Strathpine,Nov-21,65.08
Strathpine,Oct-21,54.6
Strathpine,Sep-21,60.34
Strathpine,Aug-21,57.32
Strathpine,Jul-21,61.89
Toorbul,Jul-23,49.42
Toorbul,Jun-23,44.44
Toorbul,May-23,37.5
Toorbul,Apr-23,42.42
Toorbul,Mar-23,67.92
Toorbul,Feb-23,76.02
Toorbul,Jan-23,81.46
Toorbul,Dec-22,62.96
Toorbul,Nov-22,73.42
Toorbul,Oct-22,78.87
Toorbul,Sep-22,68
Toorbul,Aug-22,72.36
Toorbul,Jul-22,60.25
Toorbul,Jun-22,59.22
Toorbul,May-22,71.7
Toorbul,Apr-22,83.03
Toorbul,Mar-22,68.83
Toorbul,Feb-22,59.06
Toorbul,Jan-22,53.42
Toorbul,Dec-21,59.28
Toorbul,Nov-21,65.71
Toorbul,Oct-21,66.36
Toorbul,Sep-21,53.33
Toorbul,Aug-21,53
Toorbul,Jul-21,47.15
Upper Caboolture,May-23,0
Wamuran,Jul-23,64.52
Wamuran,Jun-23,63.72
Wamuran,May-23,72.04
Wamuran,Apr-23,84.44
Wamuran,Mar-23,75.27
Wamuran,Feb-23,58.23
Wamuran,Jan-23,72.86
Wamuran,Dec-22,88
Wamuran,Nov-22,83.33
Wamuran,Oct-22,75.86
Wamuran,Sep-22,70.83
Wamuran,Aug-22,70.45
Wamuran,Jul-22,86
Wamuran,Jun-22,69.77
Wamuran,May-22,83.87
Wamuran,Apr-22,83.33
Wamuran,Mar-22,74.19
Wamuran,Feb-22,67.86
Wamuran,Jan-22,87.1
Wamuran,Dec-21,77.42
Wamuran,Nov-21,76.67
Wamuran,Oct-21,96.77
Wamuran,Sep-21,76.67
Wamuran,Aug-21,19.35
Wamuran,Jul-21,80.65
Wamuran Basin,Jan-22,0
Wamuran Basin,Dec-21,0
Wamuran Basin,Nov-21,0
Wamuran Basin,Oct-21,0
Wamuran Basin,Sep-21,0
Wamuran Basin,Aug-21,0
Wamuran Basin,Jul-21,0
Warner,Jul-23,55.5
Warner,Jun-23,40.28
Warner,May-23,56.9
Warner,Apr-23,59.71
Warner,Mar-23,56.45
Warner,Feb-23,57.14
Warner,Jan-23,61.74
Warner,Dec-22,51.89
Warner,Nov-22,65
Warner,Oct-22,60.48
Warner,Sep-22,62.24
Warner,Aug-22,72.87
Warner,Jul-22,68.38
Warner,Jun-22,53.61
Warner,May-22,60.42
Warner,Apr-22,63.74
Warner,Mar-22,56.99
Warner,Feb-22,54.69
Warner,Jan-22,96.05
Warner,Dec-21,39.51
Warner,Nov-21,30.21
Warner,Oct-21,10.62
Warner,Sep-21,19.74
Warner,Aug-21,45.16
Warner,Jul-21,32.26
Welsby,Jul-23,41.94
Welsby,Jun-23,26.67
Welsby,May-23,19.35
Welsby,Apr-23,56.67
Welsby,Mar-23,33.33
White Patch,Jul-23,30.65
White Patch,Jun-23,3.33
White Patch,May-23,25
White Patch,Apr-23,44.17
White Patch,Mar-23,32.26
White Patch,Feb-23,21.43
White Patch,Jan-23,44.14
White Patch,Dec-22,44.76
White Patch,Nov-22,47.79
White Patch,Oct-22,44.68
White Patch,Sep-22,39.05
White Patch,Aug-22,10.91
White Patch,Jul-22,0
White Patch,Jun-22,0
White Patch,May-22,8.6
White Patch,Apr-22,26
White Patch,Mar-22,51.64
White Patch,Feb-22,41.07
White Patch,Jan-22,54.84
White Patch,Dec-21,22.78
White Patch,Nov-21,14.06
White Patch,Oct-21,29.31
White Patch,Sep-21,21.74
White Patch,Aug-21,29.03
White Patch,Jul-21,33.33
Whiteside,Apr-23,0
Whiteside,Dec-22,0
Whiteside,Nov-22,0
Wights Mountain,Jul-23,70.97
Wights Mountain,Jun-23,38.33
Wights Mountain,May-23,33.96
Wights Mountain,Apr-23,25.58
Wights Mountain,Mar-23,42.22
Wights Mountain,Feb-23,81.25
Wights Mountain,Jan-23,51.61
Wights Mountain,Dec-22,64.52
Wights Mountain,Nov-22,100
Wights Mountain,Oct-22,45.16
Wights Mountain,Sep-22,80
Wights Mountain,Aug-22,41.94
Wights Mountain,Jul-22,80.65
Wights Mountain,Jun-22,31.37
Wights Mountain,May-22,35.48
Wights Mountain,Apr-22,86.67
Wights Mountain,Mar-22,45.16
Wights Mountain,Feb-22,55.36
Wights Mountain,Jan-22,74.19
Wights Mountain,Dec-21,61.29
Wights Mountain,Nov-21,73.33
Wights Mountain,Oct-21,62.9
Wights Mountain,Sep-21,75.76
Wights Mountain,Aug-21,48.53
Wights Mountain,Jul-21,60.29
Woodford,Jul-23,31.18
Woodford,Jun-23,50
Woodford,May-23,40.86
Woodford,Apr-23,40.56
Woodford,Mar-23,33.68
Woodford,Feb-23,28.06
Woodford,Jan-23,35.94
Woodford,Dec-22,41.47
Woodford,Nov-22,26.67
Woodford,Oct-22,35.94
Woodford,Sep-22,40.67
Woodford,Aug-22,46.67
Woodford,Jul-22,42.93
Woodford,Jun-22,35.19
Woodford,May-22,11.52
Woodford,Apr-22,27.62
Woodford,Mar-22,23.04
Woodford,Feb-22,14.29
Woodford,Jan-22,31.34
Woodford,Dec-21,35.32
Woodford,Nov-21,11.79
Woodford,Oct-21,19.71
Woodford,Sep-21,24.07
Woodford,Aug-21,6.42
Woodford,Jul-21,15.59
Woody Point,Jul-23,72.83
Woody Point,Jun-23,58.35
Woody Point,May-23,61.15
Woody Point,Apr-23,62.19
Woody Point,Mar-23,60.85
Woody Point,Feb-23,61.65
Woody Point,Jan-23,60.92
Woody Point,Dec-22,64.98
Woody Point,Nov-22,77.72
Woody Point,Oct-22,73.73
Woody Point,Sep-22,76.73
Woody Point,Aug-22,73.25
Woody Point,Jul-22,80.38
Woody Point,Jun-22,65.51
Woody Point,May-22,73.68
Woody Point,Apr-22,79.23
Woody Point,Mar-22,77.69
Woody Point,Feb-22,75
Woody Point,Jan-22,73.01
Woody Point,Dec-21,66.88
Woody Point,Nov-21,64.86
Woody Point,Oct-21,62.14
Woody Point,Sep-21,59.69
Woody Point,Aug-21,59.85
Woody Point,Jul-21,61.57
Woorim,Jul-23,63.28
Woorim,Jun-23,57.94
Woorim,May-23,47.63
Woorim,Apr-23,57.64
Woorim,Mar-23,48.9
Woorim,Feb-23,52.97
Woorim,Jan-23,62.43
Woorim,Dec-22,67.42
Woorim,Nov-22,69.38
Woorim,Oct-22,71.28
Woorim,Sep-22,74.04
Woorim,Aug-22,69.72
Woorim,Jul-22,77.14
Woorim,Jun-22,65.76
Woorim,May-22,56.82
Woorim,Apr-22,67.48
Woorim,Mar-22,59.29
Woorim,Feb-22,61.35
Woorim,Jan-22,72.37
Woorim,Dec-21,71.13
Woorim,Nov-21,64.32
Woorim,Oct-21,67.19
Woorim,Sep-21,71.8
Woorim,Aug-21,62.68
Woorim,Jul-21,62.6
Yugar,Jul-23,100
Yugar,Jun-23,100
Yugar,May-23,100
Yugar,Apr-23,100
Yugar,Mar-23,100
Yugar,Feb-23,85.71
Yugar,Jan-23,87.1
Yugar,Oct-22,80.65
Yugar,Sep-22,0
Yugar,Jul-22,100
Yugar,Jun-22,100
Yugar,Feb-22,0
Yugar,Nov-21,73.33
Yugar,Oct-21,96.77
Yugar,Sep-21,90
Yugar,Aug-21,80.65
Yugar,Jul-21,64.52
All,Jul-23,49.32
All,Jun-23,44.52
All,May-23,41.83
All,Apr-23,48.4
All,Mar-23,43.03
All,Feb-23,41.03
All,Jan-23,44.82
All,Dec-22,45.5
All,Nov-22,45.44
All,Oct-22,45.97
All,Sep-22,48.47
All,Aug-22,44.14
All,Jul-22,47.28
All,Jun-22,44.37
All,May-22,40.5
All,Apr-22,44.66
All,Mar-22,41
All,Feb-22,40.38
All,Jan-22,46.53
All,Dec-21,43.73
All,Nov-21,39.31
All,Oct-21,42.29
All,Sep-21,40.53
All,Aug-21,34.75
All,Jul-21,40.07
